id,name,short,category,family,package,fn,engine,level,status,structures_text,diagnostics_text
descriptive,Descriptive Statistics,"Summary tables, distributions and data-quality review",Foundations,foundations,base,summary,Offline + webR,Beginner,Method-aware adapter,Cross-section | Time series | Panel,Missingness review | Outlier review
frequency,Frequency Tables,"Counts, percentages and categorical summaries",Foundations,foundations,base,table,native R,Beginner,Method-aware adapter,Cross-section | Time series | Panel,Missingness review | Outlier review
correlation,Pearson Correlation,Linear association matrix for numeric variables,Foundations,foundations,stats,cor,Offline + webR,Beginner,Method-aware adapter,Cross-section | Time series | Panel,Missingness review | Outlier review
spearman-correlation,Spearman Rank Correlation,Rank-based monotonic association,Foundations,foundations,stats,cor,native R,Beginner,Method-aware adapter,Cross-section | Time series | Panel,Missingness review | Outlier review
kendall-correlation,Kendall Rank Correlation,Concordance-based rank association,Foundations,foundations,stats,cor,native R,Beginner,Method-aware adapter,Cross-section | Time series | Panel,Missingness review | Outlier review
covariance,Covariance Matrix,Joint variation across selected variables,Foundations,foundations,stats,cov,Offline + webR,Beginner,Method-aware adapter,Cross-section | Time series | Panel,Missingness review | Outlier review
one-sample-t,One-Sample t Test,Compare a sample mean with a reference value,Foundations,foundations,stats,t.test,native R,Beginner,Method-aware adapter,Cross-section | Time series | Panel,Missingness review | Outlier review
independent-t,Independent-Samples t Test,Compare means across two independent groups,Foundations,foundations,stats,t.test,native R,Beginner,Method-aware adapter,Cross-section | Time series | Panel,Missingness review | Outlier review
paired-t,Paired-Samples t Test,Compare means for paired observations,Foundations,foundations,stats,t.test,native R,Beginner,Method-aware adapter,Cross-section | Time series | Panel,Missingness review | Outlier review
wilcoxon,Wilcoxon Rank-Sum Test,Non-parametric two-group comparison,Foundations,foundations,stats,wilcox.test,native R,Beginner,Method-aware adapter,Cross-section | Time series | Panel,Missingness review | Outlier review
paired-wilcoxon,Wilcoxon Signed-Rank Test,Non-parametric paired comparison,Foundations,foundations,stats,wilcox.test,native R,Beginner,Method-aware adapter,Cross-section | Time series | Panel,Missingness review | Outlier review
anova,One-Way ANOVA,Compare means across multiple groups,Foundations,foundations,stats,aov,native R,Beginner,Method-aware adapter,Cross-section | Time series | Panel,Missingness review | Outlier review
ancova,ANCOVA,Group comparison with continuous controls,Foundations,foundations,stats,aov,native R,Beginner,Method-aware adapter,Cross-section | Time series | Panel,Missingness review | Outlier review
manova,MANOVA,Joint comparison of multiple outcomes,Foundations,foundations,stats,manova,native R,Beginner,Method-aware adapter,Cross-section | Time series | Panel,Missingness review | Outlier review
chi-square,Chi-Square Test,Test independence or goodness of fit,Foundations,foundations,stats,chisq.test,native R,Beginner,Method-aware adapter,Cross-section | Time series | Panel,Missingness review | Outlier review
pca,Principal Component Analysis,Dimension reduction using orthogonal components,Foundations,foundations,stats,prcomp,native R,Beginner,Method-aware adapter,Cross-section | Time series | Panel,Missingness review | Outlier review
factor-analysis,Exploratory Factor Analysis,Estimate latent common factors,Foundations,foundations,stats,factanal,native R,Beginner,Method-aware adapter,Cross-section | Time series | Panel,Missingness review | Outlier review
reliability,Reliability / Cronbach Alpha,Internal-consistency assessment,Foundations,foundations,psych,alpha,native R,Beginner,Method-aware adapter,Cross-section | Time series | Panel,Missingness review | Outlier review
kmeans,K-Means Clustering,Partition observations into clusters,Foundations,foundations,stats,kmeans,native R,Beginner,Method-aware adapter,Cross-section | Time series | Panel,Missingness review | Outlier review
hierarchical-cluster,Hierarchical Clustering,Nested clustering from a distance matrix,Foundations,foundations,stats,hclust,native R,Beginner,Method-aware adapter,Cross-section | Time series | Panel,Missingness review | Outlier review
ols,Ordinary Least Squares,Linear regression for continuous outcomes,Regression,regression,stats,lm,Offline + webR,Intermediate,Method-aware adapter,Cross-section | Time series | Panel,Multicollinearity | Heteroskedasticity | Serial correlation | Normality | Specification
linear-probability,Linear Probability Model,OLS model for a binary dependent variable,Regression,regression,stats,lm,Offline + webR,Intermediate,Method-aware adapter,Cross-section | Time series | Panel,Multicollinearity | Heteroskedasticity | Serial correlation | Normality | Specification
wls,Weighted Least Squares,Linear regression with observation weights,Regression,regression,stats,lm,native R,Intermediate,Method-aware adapter,Cross-section | Time series | Panel,Multicollinearity | Heteroskedasticity | Serial correlation | Normality | Specification
gls,Generalised Least Squares,Regression with modelled error covariance,Regression,regression,nlme,gls,native R,Intermediate,Generic R scaffold,Cross-section | Time series | Panel,Multicollinearity | Heteroskedasticity | Serial correlation | Normality | Specification
fgls,Feasible Generalised Least Squares,Estimated covariance correction for non-spherical errors,Regression,regression,nlme,gls,native R,Intermediate,Generic R scaffold,Cross-section | Time series | Panel,Multicollinearity | Heteroskedasticity | Serial correlation | Normality | Specification
nls,Nonlinear Least Squares,Estimate nonlinear regression functions,Regression,regression,stats,nls,native R,Intermediate,Method-aware adapter,Cross-section | Time series | Panel,Multicollinearity | Heteroskedasticity | Serial correlation | Normality | Specification
polynomial,Polynomial Regression,Regression with polynomial terms,Regression,regression,stats,lm,native R,Intermediate,Method-aware adapter,Cross-section | Time series | Panel,Multicollinearity | Heteroskedasticity | Serial correlation | Normality | Specification
log-linear,Log-Linear Regression,Log outcome with level regressors,Regression,regression,stats,lm,native R,Intermediate,Method-aware adapter,Cross-section | Time series | Panel,Multicollinearity | Heteroskedasticity | Serial correlation | Normality | Specification
log-log,Log-Log Regression,Elasticity model with logged variables,Regression,regression,stats,lm,native R,Intermediate,Method-aware adapter,Cross-section | Time series | Panel,Multicollinearity | Heteroskedasticity | Serial correlation | Normality | Specification
distributed-lag,Finite Distributed Lag Model,Estimate contemporaneous and lagged effects,Regression,regression,dynlm,dynlm,native R,Intermediate,Method-aware adapter,Cross-section | Time series | Panel,Multicollinearity | Heteroskedasticity | Serial correlation | Normality | Specification
restricted-ls,Restricted Least Squares,Linear estimation under equality or inequality restrictions,Regression,regression,restriktor,restriktor,native R,Intermediate,Generic R scaffold,Cross-section | Time series | Panel,Multicollinearity | Heteroskedasticity | Serial correlation | Normality | Specification
ridge,Ridge Regression,L2-regularised linear regression,Regression,regression,glmnet,glmnet,native R,Intermediate,Method-aware adapter,Cross-section | Time series | Panel,Multicollinearity | Heteroskedasticity | Serial correlation | Normality | Specification
lasso,Lasso Regression,L1-regularised variable selection,Regression,regression,glmnet,glmnet,native R,Intermediate,Method-aware adapter,Cross-section | Time series | Panel,Multicollinearity | Heteroskedasticity | Serial correlation | Normality | Specification
elastic-net,Elastic Net Regression,Combined L1 and L2 regularisation,Regression,regression,glmnet,glmnet,native R,Intermediate,Method-aware adapter,Cross-section | Time series | Panel,Multicollinearity | Heteroskedasticity | Serial correlation | Normality | Specification
quantile,Quantile Regression,Estimate conditional quantiles,Regression,regression,quantreg,rq,native R,Intermediate,Method-aware adapter,Cross-section | Time series | Panel,Multicollinearity | Heteroskedasticity | Serial correlation | Normality | Specification
median-regression,Median Regression,Estimate the conditional median,Regression,regression,quantreg,rq,native R,Intermediate,Method-aware adapter,Cross-section | Time series | Panel,Multicollinearity | Heteroskedasticity | Serial correlation | Normality | Specification
robust-regression,Robust Regression,Regression resistant to influential observations,Regression,regression,MASS,rlm,native R,Intermediate,Method-aware adapter,Cross-section | Time series | Panel,Multicollinearity | Heteroskedasticity | Serial correlation | Normality | Specification
spline-regression,Spline Regression,Flexible piecewise-polynomial regression,Regression,regression,splines,bs,native R,Intermediate,Method-aware adapter,Cross-section | Time series | Panel,Multicollinearity | Heteroskedasticity | Serial correlation | Normality | Specification
gam,Generalised Additive Model,Smooth nonlinear additive effects,Regression,regression,mgcv,gam,native R,Intermediate,Method-aware adapter,Cross-section | Time series | Panel,Multicollinearity | Heteroskedasticity | Serial correlation | Normality | Specification
partial-least-squares,Partial Least Squares Regression,Latent-component prediction with correlated regressors,Regression,regression,pls,plsr,native R,Intermediate,Generic R scaffold,Cross-section | Time series | Panel,Multicollinearity | Heteroskedasticity | Serial correlation | Normality | Specification
high-dimensional-fe,High-Dimensional Fixed Effects,Linear models with many fixed effects,Regression,regression,fixest,feols,native R,Intermediate,Generic R scaffold,Cross-section | Time series | Panel,Multicollinearity | Heteroskedasticity | Serial correlation | Normality | Specification
fama-macbeth,Fama–MacBeth Regression,Repeated cross-sectional coefficient estimation,Regression,regression,plm,pmg,native R,Intermediate,Generic R scaffold,Cross-section | Time series | Panel,Multicollinearity | Heteroskedasticity | Serial correlation | Normality | Specification
mixed-effects,Linear Mixed-Effects Model,Regression with hierarchical random effects,Regression,regression,lme4,lmer,native R,Intermediate,Method-aware adapter,Cross-section | Time series | Panel,Multicollinearity | Heteroskedasticity | Serial correlation | Normality | Specification
generalized-mixed,Generalised Mixed-Effects Model,Non-Gaussian hierarchical regression,Regression,regression,lme4,glmer,native R,Intermediate,Method-aware adapter,Cross-section | Time series | Panel,Multicollinearity | Heteroskedasticity | Serial correlation | Normality | Specification
vif,Variance Inflation Factor,R workflow for variance inflation factor,Regression diagnostics,diagnostics,car,vif,native R,Intermediate,Method-aware adapter,Cross-section | Time series | Panel,Null hypothesis | Test statistic | p-value | Decision
condition-index,Condition Index,R workflow for condition index,Regression diagnostics,diagnostics,perturb,colldiag,native R,Intermediate,Diagnostic scaffold,Cross-section | Time series | Panel,Null hypothesis | Test statistic | p-value | Decision
breusch-pagan,Breusch–Pagan Test,R workflow for breusch–pagan test,Regression diagnostics,diagnostics,lmtest,bptest,native R,Intermediate,Method-aware adapter,Cross-section | Time series | Panel,Null hypothesis | Test statistic | p-value | Decision
white-test,White Heteroskedasticity Test,R workflow for white heteroskedasticity test,Regression diagnostics,diagnostics,skedastic,white,native R,Intermediate,Method-aware adapter,Cross-section | Time series | Panel,Null hypothesis | Test statistic | p-value | Decision
goldfeld-quandt,Goldfeld–Quandt Test,R workflow for goldfeld–quandt test,Regression diagnostics,diagnostics,lmtest,gqtest,native R,Intermediate,Method-aware adapter,Cross-section | Time series | Panel,Null hypothesis | Test statistic | p-value | Decision
durbin-watson,Durbin–Watson Test,R workflow for durbin–watson test,Regression diagnostics,diagnostics,lmtest,dwtest,native R,Intermediate,Method-aware adapter,Cross-section | Time series | Panel,Null hypothesis | Test statistic | p-value | Decision
breusch-godfrey,Breusch–Godfrey LM Test,R workflow for breusch–godfrey lm test,Regression diagnostics,diagnostics,lmtest,bgtest,native R,Intermediate,Method-aware adapter,Cross-section | Time series | Panel,Null hypothesis | Test statistic | p-value | Decision
ljung-box,Ljung–Box Test,R workflow for ljung–box test,Regression diagnostics,diagnostics,stats,Box.test,native R,Intermediate,Method-aware adapter,Cross-section | Time series | Panel,Null hypothesis | Test statistic | p-value | Decision
jarque-bera,Jarque–Bera Test,R workflow for jarque–bera test,Regression diagnostics,diagnostics,tseries,jarque.bera.test,native R,Intermediate,Method-aware adapter,Cross-section | Time series | Panel,Null hypothesis | Test statistic | p-value | Decision
shapiro-wilk,Shapiro–Wilk Test,R workflow for shapiro–wilk test,Regression diagnostics,diagnostics,stats,shapiro.test,native R,Intermediate,Method-aware adapter,Cross-section | Time series | Panel,Null hypothesis | Test statistic | p-value | Decision
ramsey-reset,Ramsey RESET Test,R workflow for ramsey reset test,Regression diagnostics,diagnostics,lmtest,resettest,native R,Intermediate,Method-aware adapter,Cross-section | Time series | Panel,Null hypothesis | Test statistic | p-value | Decision
link-test,Link Test,R workflow for link test,Regression diagnostics,diagnostics,custom,link_test,native R,Intermediate,Diagnostic scaffold,Cross-section | Time series | Panel,Null hypothesis | Test statistic | p-value | Decision
chow-test,Chow Structural-Break Test,R workflow for chow structural-break test,Regression diagnostics,diagnostics,strucchange,sctest,native R,Intermediate,Diagnostic scaffold,Cross-section | Time series | Panel,Null hypothesis | Test statistic | p-value | Decision
cusum,CUSUM Stability Test,R workflow for cusum stability test,Regression diagnostics,diagnostics,strucchange,efp,native R,Intermediate,Diagnostic scaffold,Cross-section | Time series | Panel,Null hypothesis | Test statistic | p-value | Decision
cusumsq,CUSUMSQ Stability Test,R workflow for cusumsq stability test,Regression diagnostics,diagnostics,strucchange,efp,native R,Intermediate,Diagnostic scaffold,Cross-section | Time series | Panel,Null hypothesis | Test statistic | p-value | Decision
recursive-residuals,Recursive Residuals,R workflow for recursive residuals,Regression diagnostics,diagnostics,strucchange,recresid,native R,Intermediate,Diagnostic scaffold,Cross-section | Time series | Panel,Null hypothesis | Test statistic | p-value | Decision
cook-distance,Cook’s Distance,R workflow for cook’s distance,Regression diagnostics,diagnostics,stats,cooks.distance,native R,Intermediate,Method-aware adapter,Cross-section | Time series | Panel,Null hypothesis | Test statistic | p-value | Decision
leverage,Leverage Diagnostics,R workflow for leverage diagnostics,Regression diagnostics,diagnostics,stats,hatvalues,native R,Intermediate,Method-aware adapter,Cross-section | Time series | Panel,Null hypothesis | Test statistic | p-value | Decision
dfbetas,DFBETAs,R workflow for dfbetas,Regression diagnostics,diagnostics,stats,dfbetas,native R,Intermediate,Method-aware adapter,Cross-section | Time series | Panel,Null hypothesis | Test statistic | p-value | Decision
studentized-residuals,Studentised Residuals,R workflow for studentised residuals,Regression diagnostics,diagnostics,stats,rstudent,native R,Intermediate,Method-aware adapter,Cross-section | Time series | Panel,Null hypothesis | Test statistic | p-value | Decision
influence-measures,Influence Measures,R workflow for influence measures,Regression diagnostics,diagnostics,stats,influence.measures,native R,Intermediate,Method-aware adapter,Cross-section | Time series | Panel,Null hypothesis | Test statistic | p-value | Decision
arch-lm,ARCH LM Test,R workflow for arch lm test,Regression diagnostics,diagnostics,FinTS,ArchTest,native R,Intermediate,Method-aware adapter,Cross-section | Time series | Panel,Null hypothesis | Test statistic | p-value | Decision
hansen-parameter,Hansen Parameter Instability Test,R workflow for hansen parameter instability test,Regression diagnostics,diagnostics,strucchange,sctest,native R,Intermediate,Diagnostic scaffold,Cross-section | Time series | Panel,Null hypothesis | Test statistic | p-value | Decision
rainbow-test,Rainbow Test,R workflow for rainbow test,Regression diagnostics,diagnostics,lmtest,raintest,native R,Intermediate,Diagnostic scaffold,Cross-section | Time series | Panel,Null hypothesis | Test statistic | p-value | Decision
acf-pacf,ACF and PACF Analysis,R workflow for acf and pacf analysis,Time series,time_series,stats,acf,native R,Intermediate,Method-aware adapter,Time series,Residual autocorrelation | Parameter stability | Forecast accuracy
decomposition,Classical Seasonal Decomposition,R workflow for classical seasonal decomposition,Time series,time_series,stats,decompose,native R,Intermediate,Method-aware adapter,Time series,Residual autocorrelation | Parameter stability | Forecast accuracy
stl,STL Decomposition,R workflow for stl decomposition,Time series,time_series,stats,stl,native R,Intermediate,Method-aware adapter,Time series,Residual autocorrelation | Parameter stability | Forecast accuracy
moving-average,Moving-Average Smoothing,R workflow for moving-average smoothing,Time series,time_series,stats,filter,native R,Intermediate,Generic R scaffold,Time series,Residual autocorrelation | Parameter stability | Forecast accuracy
simple-exp-smoothing,Simple Exponential Smoothing,R workflow for simple exponential smoothing,Time series,time_series,forecast,ses,native R,Intermediate,Method-aware adapter,Time series,Residual autocorrelation | Parameter stability | Forecast accuracy
holt,Holt Trend Method,R workflow for holt trend method,Time series,time_series,forecast,holt,native R,Intermediate,Method-aware adapter,Time series,Residual autocorrelation | Parameter stability | Forecast accuracy
holt-winters,Holt–Winters Method,R workflow for holt–winters method,Time series,time_series,stats,HoltWinters,native R,Intermediate,Method-aware adapter,Time series,Residual autocorrelation | Parameter stability | Forecast accuracy
ets,ETS State-Space Model,R workflow for ets state-space model,Time series,time_series,forecast,ets,native R,Intermediate,Method-aware adapter,Time series,Residual autocorrelation | Parameter stability | Forecast accuracy
ar,Autoregressive Model,R workflow for autoregressive model,Time series,time_series,stats,ar,native R,Intermediate,Method-aware adapter,Time series,Residual autocorrelation | Parameter stability | Forecast accuracy
ma,Moving-Average Model,R workflow for moving-average model,Time series,time_series,stats,arima,native R,Intermediate,Method-aware adapter,Time series,Residual autocorrelation | Parameter stability | Forecast accuracy
arma,ARMA Model,R workflow for arma model,Time series,time_series,stats,arima,native R,Intermediate,Method-aware adapter,Time series,Residual autocorrelation | Parameter stability | Forecast accuracy
arima,ARIMA,Univariate autoregressive integrated moving-average model,Time series,time_series,stats,arima,webR,Intermediate,Method-aware adapter,Time series,Residual autocorrelation | Parameter stability | Forecast accuracy
sarima,Seasonal ARIMA,R workflow for seasonal arima,Time series,time_series,forecast,Arima,native R,Intermediate,Method-aware adapter,Time series,Residual autocorrelation | Parameter stability | Forecast accuracy
arimax,ARIMAX,R workflow for arimax,Time series,time_series,forecast,Arima,native R,Intermediate,Method-aware adapter,Time series,Residual autocorrelation | Parameter stability | Forecast accuracy
dynamic-regression,Dynamic Regression,R workflow for dynamic regression,Time series,time_series,dynlm,dynlm,native R,Intermediate,Method-aware adapter,Time series,Residual autocorrelation | Parameter stability | Forecast accuracy
structural-ts,Structural Time-Series Model,R workflow for structural time-series model,Time series,time_series,stats,StructTS,native R,Intermediate,Generic R scaffold,Time series,Residual autocorrelation | Parameter stability | Forecast accuracy
state-space,State-Space Model,R workflow for state-space model,Time series,time_series,KFAS,SSModel,native R,Intermediate,Generic R scaffold,Time series,Residual autocorrelation | Parameter stability | Forecast accuracy
kalman-filter,Kalman Filtering,R workflow for kalman filtering,Time series,time_series,stats,KalmanRun,native R,Intermediate,Generic R scaffold,Time series,Residual autocorrelation | Parameter stability | Forecast accuracy
unobserved-components,Unobserved Components Model,R workflow for unobserved components model,Time series,time_series,KFAS,SSModel,native R,Intermediate,Generic R scaffold,Time series,Residual autocorrelation | Parameter stability | Forecast accuracy
transfer-function,Transfer-Function Model,R workflow for transfer-function model,Time series,time_series,TSA,arimax,native R,Intermediate,Generic R scaffold,Time series,Residual autocorrelation | Parameter stability | Forecast accuracy
intervention-analysis,Intervention Analysis,R workflow for intervention analysis,Time series,time_series,TSA,arimax,native R,Intermediate,Generic R scaffold,Time series,Residual autocorrelation | Parameter stability | Forecast accuracy
midas,MIDAS Regression,R workflow for midas regression,Time series,time_series,midasr,midas_r,native R,Intermediate,Generic R scaffold,Time series,Residual autocorrelation | Parameter stability | Forecast accuracy
dynamic-harmonic,Dynamic Harmonic Regression,R workflow for dynamic harmonic regression,Time series,time_series,forecast,fourier,native R,Intermediate,Generic R scaffold,Time series,Residual autocorrelation | Parameter stability | Forecast accuracy
temporal-disaggregation,Temporal Disaggregation,R workflow for temporal disaggregation,Time series,time_series,tempdisagg,td,native R,Intermediate,Generic R scaffold,Time series,Residual autocorrelation | Parameter stability | Forecast accuracy
forecast-combination,Forecast Combination,R workflow for forecast combination,Time series,time_series,forecastHybrid,hybridModel,native R,Intermediate,Generic R scaffold,Time series,Residual autocorrelation | Parameter stability | Forecast accuracy
rolling-regression,Rolling Regression,R workflow for rolling regression,Time series,time_series,zoo,rollapply,native R,Intermediate,Method-aware adapter,Time series,Residual autocorrelation | Parameter stability | Forecast accuracy
expanding-window,Expanding-Window Estimation,R workflow for expanding-window estimation,Time series,time_series,rsample,rolling_origin,native R,Intermediate,Method-aware adapter,Time series,Residual autocorrelation | Parameter stability | Forecast accuracy
threshold-ar,Threshold Autoregression,R workflow for threshold autoregression,Time series,time_series,tsDyn,setar,native R,Intermediate,Generic R scaffold,Time series,Residual autocorrelation | Parameter stability | Forecast accuracy
smooth-transition-ar,Smooth-Transition Autoregression,R workflow for smooth-transition autoregression,Time series,time_series,tsDyn,lstar,native R,Intermediate,Generic R scaffold,Time series,Residual autocorrelation | Parameter stability | Forecast accuracy
markov-switching,Markov-Switching Regression,R workflow for markov-switching regression,Time series,time_series,MSwM,msmFit,native R,Intermediate,Generic R scaffold,Time series,Residual autocorrelation | Parameter stability | Forecast accuracy
time-varying-parameter,Time-Varying Parameter Model,R workflow for time-varying parameter model,Time series,time_series,tvReg,tvLM,native R,Intermediate,Generic R scaffold,Time series,Residual autocorrelation | Parameter stability | Forecast accuracy
fractional-arima,ARFIMA,R workflow for arfima,Time series,time_series,fracdiff,fracdiff,native R,Intermediate,Generic R scaffold,Time series,Residual autocorrelation | Parameter stability | Forecast accuracy
tbats,TBATS Forecasting,R workflow for tbats forecasting,Time series,time_series,forecast,tbats,native R,Intermediate,Method-aware adapter,Time series,Residual autocorrelation | Parameter stability | Forecast accuracy
bats,BATS Forecasting,R workflow for bats forecasting,Time series,time_series,forecast,bats,native R,Intermediate,Method-aware adapter,Time series,Residual autocorrelation | Parameter stability | Forecast accuracy
prophet,Prophet Forecast Model,R workflow for prophet forecast model,Time series,time_series,prophet,prophet,native R,Intermediate,Generic R scaffold,Time series,Residual autocorrelation | Parameter stability | Forecast accuracy
theta,Theta Forecast Method,R workflow for theta forecast method,Time series,time_series,forecast,thetaf,native R,Intermediate,Method-aware adapter,Time series,Residual autocorrelation | Parameter stability | Forecast accuracy
croston,Croston Intermittent-Demand Method,R workflow for croston intermittent-demand method,Time series,time_series,forecast,croston,native R,Intermediate,Method-aware adapter,Time series,Residual autocorrelation | Parameter stability | Forecast accuracy
neural-ar,Neural-Network Autoregression,R workflow for neural-network autoregression,Time series,time_series,forecast,nnetar,native R,Intermediate,Method-aware adapter,Time series,Residual autocorrelation | Parameter stability | Forecast accuracy
adf,Augmented Dickey–Fuller Test,R workflow for augmented dickey–fuller test,Unit roots and stationarity,unit_root,urca,ur.df,native R,Advanced,Method-aware adapter,Time series | Panel,Lag selection | Deterministic terms | Structural breaks
pp,Phillips–Perron Test,R workflow for phillips–perron test,Unit roots and stationarity,unit_root,urca,ur.pp,native R,Advanced,Method-aware adapter,Time series | Panel,Lag selection | Deterministic terms | Structural breaks
kpss,KPSS Stationarity Test,R workflow for kpss stationarity test,Unit roots and stationarity,unit_root,urca,ur.kpss,native R,Advanced,Method-aware adapter,Time series | Panel,Lag selection | Deterministic terms | Structural breaks
df-gls,DF-GLS Test,R workflow for df-gls test,Unit roots and stationarity,unit_root,urca,ur.ers,native R,Advanced,Method-aware adapter,Time series | Panel,Lag selection | Deterministic terms | Structural breaks
ng-perron,Ng–Perron Test,R workflow for ng–perron test,Unit roots and stationarity,unit_root,urca,ur.ngp,native R,Advanced,Generic R scaffold,Time series | Panel,Lag selection | Deterministic terms | Structural breaks
ers-point,ERS Point-Optimal Test,R workflow for ers point-optimal test,Unit roots and stationarity,unit_root,urca,ur.ers,native R,Advanced,Generic R scaffold,Time series | Panel,Lag selection | Deterministic terms | Structural breaks
zivot-andrews,Zivot–Andrews Unit-Root Test,R workflow for zivot–andrews unit-root test,Unit roots and stationarity,unit_root,urca,ur.za,native R,Advanced,Method-aware adapter,Time series | Panel,Lag selection | Deterministic terms | Structural breaks
perron-break,Perron Structural-Break Test,R workflow for perron structural-break test,Unit roots and stationarity,unit_root,urca,ur.za,native R,Advanced,Generic R scaffold,Time series | Panel,Lag selection | Deterministic terms | Structural breaks
lee-strazicich,Lee–Strazicich Unit-Root Test,R workflow for lee–strazicich unit-root test,Unit roots and stationarity,unit_root,uroot,ur.ls,native R,Advanced,Generic R scaffold,Time series | Panel,Lag selection | Deterministic terms | Structural breaks
fourier-unit-root,Fourier Unit-Root Test,R workflow for fourier unit-root test,Unit roots and stationarity,unit_root,Fourierin,fourierin,native R,Advanced,Generic R scaffold,Time series | Panel,Lag selection | Deterministic terms | Structural breaks
hegy,HEGY Seasonal Unit-Root Test,R workflow for hegy seasonal unit-root test,Unit roots and stationarity,unit_root,uroot,hegy.test,native R,Advanced,Generic R scaffold,Time series | Panel,Lag selection | Deterministic terms | Structural breaks
canova-hansen,Canova–Hansen Seasonal Stability Test,R workflow for canova–hansen seasonal stability test,Unit roots and stationarity,unit_root,uroot,ch.test,native R,Advanced,Generic R scaffold,Time series | Panel,Lag selection | Deterministic terms | Structural breaks
breitung-panel-unit,Breitung Panel Unit-Root Test,R workflow for breitung panel unit-root test,Unit roots and stationarity,unit_root,plm,purtest,native R,Advanced,Method-aware adapter,Time series | Panel,Lag selection | Deterministic terms | Structural breaks
llc,Levin–Lin–Chu Test,R workflow for levin–lin–chu test,Unit roots and stationarity,unit_root,plm,purtest,native R,Advanced,Method-aware adapter,Time series | Panel,Lag selection | Deterministic terms | Structural breaks
ips,Im–Pesaran–Shin Test,R workflow for im–pesaran–shin test,Unit roots and stationarity,unit_root,plm,purtest,native R,Advanced,Method-aware adapter,Time series | Panel,Lag selection | Deterministic terms | Structural breaks
fisher-adf-panel,Fisher ADF Panel Test,R workflow for fisher adf panel test,Unit roots and stationarity,unit_root,plm,purtest,native R,Advanced,Method-aware adapter,Time series | Panel,Lag selection | Deterministic terms | Structural breaks
fisher-pp-panel,Fisher PP Panel Test,R workflow for fisher pp panel test,Unit roots and stationarity,unit_root,plm,purtest,native R,Advanced,Method-aware adapter,Time series | Panel,Lag selection | Deterministic terms | Structural breaks
hadri,Hadri Panel Stationarity Test,R workflow for hadri panel stationarity test,Unit roots and stationarity,unit_root,punitroots,hadri.test,native R,Advanced,Method-aware adapter,Time series | Panel,Lag selection | Deterministic terms | Structural breaks
cips,Pesaran CIPS Test,R workflow for pesaran cips test,Unit roots and stationarity,unit_root,plm,cipstest,native R,Advanced,Method-aware adapter,Time series | Panel,Lag selection | Deterministic terms | Structural breaks
cadf,Cross-Sectionally Augmented ADF,R workflow for cross-sectionally augmented adf,Unit roots and stationarity,unit_root,plm,cipstest,native R,Advanced,Generic R scaffold,Time series | Panel,Lag selection | Deterministic terms | Structural breaks
kss,Kapetanios–Shin–Snell Nonlinear Unit-Root Test,R workflow for kapetanios–shin–snell nonlinear unit-root test,Unit roots and stationarity,unit_root,NonlinearTSA,KSS_Unit_Root,native R,Advanced,Generic R scaffold,Time series | Panel,Lag selection | Deterministic terms | Structural breaks
fractional-integration,Fractional Integration Test,R workflow for fractional integration test,Unit roots and stationarity,unit_root,fracdiff,fdGPH,native R,Advanced,Generic R scaffold,Time series | Panel,Lag selection | Deterministic terms | Structural breaks
variance-ratio,Variance-Ratio Test,R workflow for variance-ratio test,Unit roots and stationarity,unit_root,vrtest,Lo.Mac,native R,Advanced,Generic R scaffold,Time series | Panel,Lag selection | Deterministic terms | Structural breaks
runs-stationarity,Runs Test,R workflow for runs test,Unit roots and stationarity,unit_root,randtests,runs.test,native R,Advanced,Generic R scaffold,Time series | Panel,Lag selection | Deterministic terms | Structural breaks
engle-granger,Engle–Granger Cointegration,R workflow for engle–granger cointegration,Cointegration and ECM,cointegration,urca,ca.po,native R,Advanced,Method-aware adapter,Time series | Panel,Integration order | Cointegration rank | Adjustment dynamics | Stability
phillips-ouliaris,Phillips–Ouliaris Cointegration Test,R workflow for phillips–ouliaris cointegration test,Cointegration and ECM,cointegration,urca,ca.po,native R,Advanced,Method-aware adapter,Time series | Panel,Integration order | Cointegration rank | Adjustment dynamics | Stability
johansen,Johansen Cointegration,R workflow for johansen cointegration,Cointegration and ECM,cointegration,urca,ca.jo,native R,Advanced,Method-aware adapter,Time series | Panel,Integration order | Cointegration rank | Adjustment dynamics | Stability
ardl,ARDL Bounds Model,R workflow for ardl bounds model,Cointegration and ECM,cointegration,ARDL,ardl,native R,Advanced,Method-aware adapter,Time series | Panel,Integration order | Cointegration rank | Adjustment dynamics | Stability
uecm,Unrestricted Error-Correction Model,R workflow for unrestricted error-correction model,Cointegration and ECM,cointegration,ARDL,uecm,native R,Advanced,Method-aware adapter,Time series | Panel,Integration order | Cointegration rank | Adjustment dynamics | Stability
ecm,Error-Correction Model,R workflow for error-correction model,Cointegration and ECM,cointegration,dynlm,dynlm,native R,Advanced,Method-aware adapter,Time series | Panel,Integration order | Cointegration rank | Adjustment dynamics | Stability
vecm,Vector Error-Correction Model,R workflow for vector error-correction model,Cointegration and ECM,cointegration,urca,cajorls,native R,Advanced,Method-aware adapter,Time series | Panel,Integration order | Cointegration rank | Adjustment dynamics | Stability
dols,Dynamic OLS,R workflow for dynamic ols,Cointegration and ECM,cointegration,cointReg,cointRegD,native R,Advanced,Method-aware adapter,Time series | Panel,Integration order | Cointegration rank | Adjustment dynamics | Stability
fmols,Fully Modified OLS,R workflow for fully modified ols,Cointegration and ECM,cointegration,cointReg,cointRegFM,native R,Advanced,Method-aware adapter,Time series | Panel,Integration order | Cointegration rank | Adjustment dynamics | Stability
ccr,Canonical Cointegrating Regression,R workflow for canonical cointegrating regression,Cointegration and ECM,cointegration,cointReg,cointRegD,native R,Advanced,Generic R scaffold,Time series | Panel,Integration order | Cointegration rank | Adjustment dynamics | Stability
gregory-hansen,Gregory–Hansen Cointegration Test,R workflow for gregory–hansen cointegration test,Cointegration and ECM,cointegration,urca,ca.po,native R,Advanced,Generic R scaffold,Time series | Panel,Integration order | Cointegration rank | Adjustment dynamics | Stability
bayer-hanck,Bayer–Hanck Combined Cointegration,R workflow for bayer–hanck combined cointegration,Cointegration and ECM,cointegration,custom,bayer_hanck,native R,Advanced,Generic R scaffold,Time series | Panel,Integration order | Cointegration rank | Adjustment dynamics | Stability
pedroni,Pedroni Panel Cointegration,R workflow for pedroni panel cointegration,Cointegration and ECM,cointegration,pco,pedroni99,native R,Advanced,Generic R scaffold,Time series | Panel,Integration order | Cointegration rank | Adjustment dynamics | Stability
kao,Kao Panel Cointegration,R workflow for kao panel cointegration,Cointegration and ECM,cointegration,custom,kao_test,native R,Advanced,Generic R scaffold,Time series | Panel,Integration order | Cointegration rank | Adjustment dynamics | Stability
westerlund,Westerlund Panel Cointegration,R workflow for westerlund panel cointegration,Cointegration and ECM,cointegration,Westerlund,westerlund,native R,Advanced,Generic R scaffold,Time series | Panel,Integration order | Cointegration rank | Adjustment dynamics | Stability
nardl,Nonlinear ARDL,R workflow for nonlinear ardl,Cointegration and ECM,cointegration,nardl,nardl,native R,Advanced,Generic R scaffold,Time series | Panel,Integration order | Cointegration rank | Adjustment dynamics | Stability
asymmetric-ecm,Asymmetric ECM,R workflow for asymmetric ecm,Cointegration and ECM,cointegration,nardl,nardl,native R,Advanced,Generic R scaffold,Time series | Panel,Integration order | Cointegration rank | Adjustment dynamics | Stability
threshold-cointegration,Threshold Cointegration,R workflow for threshold cointegration,Cointegration and ECM,cointegration,tsDyn,TVECM,native R,Advanced,Generic R scaffold,Time series | Panel,Integration order | Cointegration rank | Adjustment dynamics | Stability
quantile-cointegration,Quantile Cointegration,R workflow for quantile cointegration,Cointegration and ECM,cointegration,quantreg,rq,native R,Advanced,Generic R scaffold,Time series | Panel,Integration order | Cointegration rank | Adjustment dynamics | Stability
var,Vector Autoregression,R workflow for vector autoregression,"VAR, systems and causality",var_systems,vars,VAR,native R,Advanced,Method-aware adapter,Time series | Panel,Lag order | Stability | Residual correlation | Normality
svar,Structural VAR,R workflow for structural var,"VAR, systems and causality",var_systems,vars,SVAR,native R,Advanced,Method-aware adapter,Time series | Panel,Lag order | Stability | Residual correlation | Normality
bvar,Bayesian VAR,R workflow for bayesian var,"VAR, systems and causality",var_systems,BVAR,bvar,native R,Advanced,Generic R scaffold,Time series | Panel,Lag order | Stability | Residual correlation | Normality
favar,Factor-Augmented VAR,R workflow for factor-augmented var,"VAR, systems and causality",var_systems,FAVAR,FAVAR,native R,Advanced,Generic R scaffold,Time series | Panel,Lag order | Stability | Residual correlation | Normality
pvar,Panel VAR,R workflow for panel var,"VAR, systems and causality",var_systems,panelvar,pvargmm,native R,Advanced,Generic R scaffold,Time series | Panel,Lag order | Stability | Residual correlation | Normality
gvar,Global VAR,R workflow for global var,"VAR, systems and causality",var_systems,GVAR,gvar,native R,Advanced,Generic R scaffold,Time series | Panel,Lag order | Stability | Residual correlation | Normality
tvp-var,Time-Varying Parameter VAR,R workflow for time-varying parameter var,"VAR, systems and causality",var_systems,BMR,bvar,native R,Advanced,Generic R scaffold,Time series | Panel,Lag order | Stability | Residual correlation | Normality
ms-var,Markov-Switching VAR,R workflow for markov-switching var,"VAR, systems and causality",var_systems,MSBVAR,msvar,native R,Advanced,Generic R scaffold,Time series | Panel,Lag order | Stability | Residual correlation | Normality
local-projections,Local Projections,R workflow for local projections,"VAR, systems and causality",var_systems,lpirfs,lp_lin,native R,Advanced,Generic R scaffold,Time series | Panel,Lag order | Stability | Residual correlation | Normality
irf,Impulse-Response Functions,R workflow for impulse-response functions,"VAR, systems and causality",var_systems,vars,irf,native R,Advanced,Method-aware adapter,Time series | Panel,Lag order | Stability | Residual correlation | Normality
fevd,Forecast-Error Variance Decomposition,R workflow for forecast-error variance decomposition,"VAR, systems and causality",var_systems,vars,fevd,native R,Advanced,Method-aware adapter,Time series | Panel,Lag order | Stability | Residual correlation | Normality
historical-decomposition,Historical Decomposition,R workflow for historical decomposition,"VAR, systems and causality",var_systems,svars,hd,native R,Advanced,Generic R scaffold,Time series | Panel,Lag order | Stability | Residual correlation | Normality
granger,Granger Causality,R workflow for granger causality,"VAR, systems and causality",var_systems,lmtest,grangertest,native R,Advanced,Method-aware adapter,Time series | Panel,Lag order | Stability | Residual correlation | Normality
toda-yamamoto,Toda–Yamamoto Causality,R workflow for toda–yamamoto causality,"VAR, systems and causality",var_systems,vars,causality,native R,Advanced,Method-aware adapter,Time series | Panel,Lag order | Stability | Residual correlation | Normality
block-exogeneity,Block Exogeneity Test,R workflow for block exogeneity test,"VAR, systems and causality",var_systems,vars,causality,native R,Advanced,Generic R scaffold,Time series | Panel,Lag order | Stability | Residual correlation | Normality
frequency-causality,Frequency-Domain Causality,R workflow for frequency-domain causality,"VAR, systems and causality",var_systems,frequencyConnectedness,frequencyConnectedness,native R,Advanced,Generic R scaffold,Time series | Panel,Lag order | Stability | Residual correlation | Normality
nonlinear-causality,Nonlinear Granger Causality,R workflow for nonlinear granger causality,"VAR, systems and causality",var_systems,NlinTS,nlin_causality.test,native R,Advanced,Generic R scaffold,Time series | Panel,Lag order | Stability | Residual correlation | Normality
time-varying-causality,Time-Varying Causality,R workflow for time-varying causality,"VAR, systems and causality",var_systems,tvgc,tvgc,native R,Advanced,Generic R scaffold,Time series | Panel,Lag order | Stability | Residual correlation | Normality
instantaneous-causality,Instantaneous Causality,R workflow for instantaneous causality,"VAR, systems and causality",var_systems,vars,causality,native R,Advanced,Generic R scaffold,Time series | Panel,Lag order | Stability | Residual correlation | Normality
sur,Seemingly Unrelated Regression,R workflow for seemingly unrelated regression,"VAR, systems and causality",var_systems,systemfit,systemfit,native R,Advanced,Method-aware adapter,Time series | Panel,Lag order | Stability | Residual correlation | Normality
3sls,Three-Stage Least Squares,R workflow for three-stage least squares,"VAR, systems and causality",var_systems,systemfit,systemfit,native R,Advanced,Method-aware adapter,Time series | Panel,Lag order | Stability | Residual correlation | Normality
fiml,Full-Information Maximum Likelihood,R workflow for full-information maximum likelihood,"VAR, systems and causality",var_systems,systemfit,systemfit,native R,Advanced,Generic R scaffold,Time series | Panel,Lag order | Stability | Residual correlation | Normality
arch,ARCH Model,R workflow for arch model,Financial econometrics,financial,rugarch,ugarchfit,native R,Advanced,Method-aware adapter,Time series | Panel,ARCH effects | Standardised residuals | Persistence | Backtesting
garch,GARCH Model,R workflow for garch model,Financial econometrics,financial,rugarch,ugarchfit,native R,Advanced,Method-aware adapter,Time series | Panel,ARCH effects | Standardised residuals | Persistence | Backtesting
garch-m,GARCH-in-Mean,R workflow for garch-in-mean,Financial econometrics,financial,rugarch,ugarchfit,native R,Advanced,Method-aware adapter,Time series | Panel,ARCH effects | Standardised residuals | Persistence | Backtesting
egarch,EGARCH,R workflow for egarch,Financial econometrics,financial,rugarch,ugarchfit,native R,Advanced,Method-aware adapter,Time series | Panel,ARCH effects | Standardised residuals | Persistence | Backtesting
gjr-garch,GJR-GARCH,R workflow for gjr-garch,Financial econometrics,financial,rugarch,ugarchfit,native R,Advanced,Method-aware adapter,Time series | Panel,ARCH effects | Standardised residuals | Persistence | Backtesting
tgarch,Threshold GARCH,R workflow for threshold garch,Financial econometrics,financial,rugarch,ugarchfit,native R,Advanced,Method-aware adapter,Time series | Panel,ARCH effects | Standardised residuals | Persistence | Backtesting
aparch,APARCH,R workflow for aparch,Financial econometrics,financial,rugarch,ugarchfit,native R,Advanced,Method-aware adapter,Time series | Panel,ARCH effects | Standardised residuals | Persistence | Backtesting
figarch,FIGARCH,R workflow for figarch,Financial econometrics,financial,rugarch,ugarchfit,native R,Advanced,Method-aware adapter,Time series | Panel,ARCH effects | Standardised residuals | Persistence | Backtesting
component-garch,Component GARCH,R workflow for component garch,Financial econometrics,financial,rugarch,ugarchfit,native R,Advanced,Generic R scaffold,Time series | Panel,ARCH effects | Standardised residuals | Persistence | Backtesting
stochastic-volatility,Stochastic Volatility,R workflow for stochastic volatility,Financial econometrics,financial,stochvol,svsample,native R,Advanced,Generic R scaffold,Time series | Panel,ARCH effects | Standardised residuals | Persistence | Backtesting
multivariate-garch,Multivariate GARCH,R workflow for multivariate garch,Financial econometrics,financial,rmgarch,multifit,native R,Advanced,Generic R scaffold,Time series | Panel,ARCH effects | Standardised residuals | Persistence | Backtesting
dcc-garch,DCC-GARCH,R workflow for dcc-garch,Financial econometrics,financial,rmgarch,dccfit,native R,Advanced,Method-aware adapter,Time series | Panel,ARCH effects | Standardised residuals | Persistence | Backtesting
bekk-garch,BEKK-GARCH,R workflow for bekk-garch,Financial econometrics,financial,BEKKs,bekk_fit,native R,Advanced,Generic R scaffold,Time series | Panel,ARCH effects | Standardised residuals | Persistence | Backtesting
copula,Copula Model,R workflow for copula model,Financial econometrics,financial,copula,fitCopula,native R,Advanced,Generic R scaffold,Time series | Panel,ARCH effects | Standardised residuals | Persistence | Backtesting
value-at-risk,Value at Risk,R workflow for value at risk,Financial econometrics,financial,PerformanceAnalytics,VaR,native R,Advanced,Method-aware adapter,Time series | Panel,ARCH effects | Standardised residuals | Persistence | Backtesting
expected-shortfall,Expected Shortfall,R workflow for expected shortfall,Financial econometrics,financial,PerformanceAnalytics,ES,native R,Advanced,Method-aware adapter,Time series | Panel,ARCH effects | Standardised residuals | Persistence | Backtesting
var-backtest,VaR Backtesting,R workflow for var backtesting,Financial econometrics,financial,rugarch,VaRTest,native R,Advanced,Generic R scaffold,Time series | Panel,ARCH effects | Standardised residuals | Persistence | Backtesting
event-study,Financial Event Study,R workflow for financial event study,Financial econometrics,financial,estudy2,eventstudy,native R,Advanced,Generic R scaffold,Time series | Panel,ARCH effects | Standardised residuals | Persistence | Backtesting
market-model,Market Model,R workflow for market model,Financial econometrics,financial,stats,lm,native R,Advanced,Method-aware adapter,Time series | Panel,ARCH effects | Standardised residuals | Persistence | Backtesting
capm,Capital Asset Pricing Model,R workflow for capital asset pricing model,Financial econometrics,financial,PerformanceAnalytics,CAPM.beta,native R,Advanced,Method-aware adapter,Time series | Panel,ARCH effects | Standardised residuals | Persistence | Backtesting
fama-french-3,Fama–French Three-Factor Model,R workflow for fama–french three-factor model,Financial econometrics,financial,stats,lm,native R,Advanced,Method-aware adapter,Time series | Panel,ARCH effects | Standardised residuals | Persistence | Backtesting
fama-french-5,Fama–French Five-Factor Model,R workflow for fama–french five-factor model,Financial econometrics,financial,stats,lm,native R,Advanced,Method-aware adapter,Time series | Panel,ARCH effects | Standardised residuals | Persistence | Backtesting
carhart,Carhart Four-Factor Model,R workflow for carhart four-factor model,Financial econometrics,financial,stats,lm,native R,Advanced,Generic R scaffold,Time series | Panel,ARCH effects | Standardised residuals | Persistence | Backtesting
apt,Arbitrage Pricing Theory Model,R workflow for arbitrage pricing theory model,Financial econometrics,financial,stats,lm,native R,Advanced,Method-aware adapter,Time series | Panel,ARCH effects | Standardised residuals | Persistence | Backtesting
mean-variance,Mean–Variance Portfolio Optimisation,R workflow for mean–variance portfolio optimisation,Financial econometrics,financial,PortfolioAnalytics,optimize.portfolio,native R,Advanced,Generic R scaffold,Time series | Panel,ARCH effects | Standardised residuals | Persistence | Backtesting
black-litterman,Black–Litterman Model,R workflow for black–litterman model,Financial econometrics,financial,BLCOP,BLPosterior,native R,Advanced,Generic R scaffold,Time series | Panel,ARCH effects | Standardised residuals | Persistence | Backtesting
contagion,Financial Contagion Test,R workflow for financial contagion test,Financial econometrics,financial,FinTS,DCCtest,native R,Advanced,Generic R scaffold,Time series | Panel,ARCH effects | Standardised residuals | Persistence | Backtesting
connectedness,Diebold–Yilmaz Connectedness,R workflow for diebold–yilmaz connectedness,Financial econometrics,financial,ConnectednessApproach,ConnectednessApproach,native R,Advanced,Generic R scaffold,Time series | Panel,ARCH effects | Standardised residuals | Persistence | Backtesting
wavelet,Wavelet Analysis,R workflow for wavelet analysis,Financial econometrics,financial,WaveletComp,analyze.wavelet,native R,Advanced,Generic R scaffold,Time series | Panel,ARCH effects | Standardised residuals | Persistence | Backtesting
frequency-connectedness,Frequency Connectedness,R workflow for frequency connectedness,Financial econometrics,financial,frequencyConnectedness,frequencyConnectedness,native R,Advanced,Generic R scaffold,Time series | Panel,ARCH effects | Standardised residuals | Persistence | Backtesting
realized-volatility,Realised Volatility,R workflow for realised volatility,Financial econometrics,financial,highfrequency,rCov,native R,Advanced,Generic R scaffold,Time series | Panel,ARCH effects | Standardised residuals | Persistence | Backtesting
har-rv,HAR-RV Model,R workflow for har-rv model,Financial econometrics,financial,highfrequency,HARmodel,native R,Advanced,Generic R scaffold,Time series | Panel,ARCH effects | Standardised residuals | Persistence | Backtesting
option-pricing,Option-Pricing Estimation,R workflow for option-pricing estimation,Financial econometrics,financial,RQuantLib,EuropeanOption,native R,Advanced,Generic R scaffold,Time series | Panel,ARCH effects | Standardised residuals | Persistence | Backtesting
cointegration-trading,Pairs-Trading Cointegration,R workflow for pairs-trading cointegration,Financial econometrics,financial,urca,ca.po,native R,Advanced,Generic R scaffold,Time series | Panel,ARCH effects | Standardised residuals | Persistence | Backtesting
pooled-ols,Pooled OLS Panel Model,R workflow for pooled ols panel model,Panel data,panel,plm,plm,native R,Advanced,Method-aware adapter,Panel,Poolability | Serial correlation | Heteroskedasticity | Cross-sectional dependence
fe,Fixed Effects Panel Model,Control for time-invariant unit heterogeneity,Panel data,panel,plm,plm,Offline + webR,Advanced,Method-aware adapter,Panel,Poolability | Serial correlation | Heteroskedasticity | Cross-sectional dependence
re,Random Effects Panel Model,R workflow for random effects panel model,Panel data,panel,plm,plm,native R,Advanced,Method-aware adapter,Panel,Poolability | Serial correlation | Heteroskedasticity | Cross-sectional dependence
first-difference-panel,First-Difference Panel Model,R workflow for first-difference panel model,Panel data,panel,plm,plm,native R,Advanced,Method-aware adapter,Panel,Poolability | Serial correlation | Heteroskedasticity | Cross-sectional dependence
between-panel,Between Estimator,R workflow for between estimator,Panel data,panel,plm,plm,native R,Advanced,Method-aware adapter,Panel,Poolability | Serial correlation | Heteroskedasticity | Cross-sectional dependence
two-way-fe,Two-Way Fixed Effects,R workflow for two-way fixed effects,Panel data,panel,fixest,feols,Offline + webR,Advanced,Method-aware adapter,Panel,Poolability | Serial correlation | Heteroskedasticity | Cross-sectional dependence
nested-effects,Nested-Effects Model,R workflow for nested-effects model,Panel data,panel,plm,plm,native R,Advanced,Generic R scaffold,Panel,Poolability | Serial correlation | Heteroskedasticity | Cross-sectional dependence
hausman,Hausman Specification Test,R workflow for hausman specification test,Panel data,panel,plm,phtest,native R,Advanced,Method-aware adapter,Panel,Poolability | Serial correlation | Heteroskedasticity | Cross-sectional dependence
bp-lm-panel,Breusch–Pagan Panel LM Test,R workflow for breusch–pagan panel lm test,Panel data,panel,plm,plmtest,native R,Advanced,Method-aware adapter,Panel,Poolability | Serial correlation | Heteroskedasticity | Cross-sectional dependence
f-test-fe,Fixed-Effects F Test,R workflow for fixed-effects f test,Panel data,panel,plm,pFtest,native R,Advanced,Method-aware adapter,Panel,Poolability | Serial correlation | Heteroskedasticity | Cross-sectional dependence
mundlak,Mundlak Correlated Random Effects,R workflow for mundlak correlated random effects,Panel data,panel,plm,plm,native R,Advanced,Method-aware adapter,Panel,Poolability | Serial correlation | Heteroskedasticity | Cross-sectional dependence
pcse,Panel-Corrected Standard Errors,R workflow for panel-corrected standard errors,Panel data,panel,pcse,pcse,native R,Advanced,Method-aware adapter,Panel,Poolability | Serial correlation | Heteroskedasticity | Cross-sectional dependence
driscoll-kraay,Driscoll–Kraay Standard Errors,R workflow for driscoll–kraay standard errors,Panel data,panel,plm,vcovSCC,native R,Advanced,Method-aware adapter,Panel,Poolability | Serial correlation | Heteroskedasticity | Cross-sectional dependence
beck-katz,Beck–Katz PCSE,R workflow for beck–katz pcse,Panel data,panel,pcse,pcse,native R,Advanced,Generic R scaffold,Panel,Poolability | Serial correlation | Heteroskedasticity | Cross-sectional dependence
dynamic-panel,Dynamic Panel Model,R workflow for dynamic panel model,Panel data,panel,plm,pgmm,native R,Advanced,Method-aware adapter,Panel,Poolability | Serial correlation | Heteroskedasticity | Cross-sectional dependence
diff-gmm,Difference GMM,R workflow for difference gmm,Panel data,panel,plm,pgmm,native R,Advanced,Method-aware adapter,Panel,Poolability | Serial correlation | Heteroskedasticity | Cross-sectional dependence
sys-gmm,System GMM,R workflow for system gmm,Panel data,panel,pdynmc,pdynmc,native R,Advanced,Method-aware adapter,Panel,Poolability | Serial correlation | Heteroskedasticity | Cross-sectional dependence
bias-corrected-panel,Bias-Corrected Dynamic Panel,R workflow for bias-corrected dynamic panel,Panel data,panel,LSDV,LSDV,native R,Advanced,Generic R scaffold,Panel,Poolability | Serial correlation | Heteroskedasticity | Cross-sectional dependence
panel-ardl-pmg,Panel ARDL / PMG,R workflow for panel ardl / pmg,Panel data,panel,plm,pmg,native R,Advanced,Method-aware adapter,Panel,Poolability | Serial correlation | Heteroskedasticity | Cross-sectional dependence
panel-mg,Mean Group Estimator,R workflow for mean group estimator,Panel data,panel,plm,pmg,native R,Advanced,Method-aware adapter,Panel,Poolability | Serial correlation | Heteroskedasticity | Cross-sectional dependence
panel-dfe,Dynamic Fixed Effects,R workflow for dynamic fixed effects,Panel data,panel,plm,pmg,native R,Advanced,Method-aware adapter,Panel,Poolability | Serial correlation | Heteroskedasticity | Cross-sectional dependence
cce,Common Correlated Effects,R workflow for common correlated effects,Panel data,panel,plm,pcce,native R,Advanced,Method-aware adapter,Panel,Poolability | Serial correlation | Heteroskedasticity | Cross-sectional dependence
amg,Augmented Mean Group,R workflow for augmented mean group,Panel data,panel,custom,amg,native R,Advanced,Method-aware adapter,Panel,Poolability | Serial correlation | Heteroskedasticity | Cross-sectional dependence
pesaran-cd,Pesaran CD Test,R workflow for pesaran cd test,Panel data,panel,plm,pcdtest,native R,Advanced,Method-aware adapter,Panel,Poolability | Serial correlation | Heteroskedasticity | Cross-sectional dependence
frey-cd,Frees Cross-Section Dependence Test,R workflow for frees cross-section dependence test,Panel data,panel,plm,pcdtest,native R,Advanced,Generic R scaffold,Panel,Poolability | Serial correlation | Heteroskedasticity | Cross-sectional dependence
slope-homogeneity,Pesaran–Yamagata Slope Homogeneity,R workflow for pesaran–yamagata slope homogeneity,Panel data,panel,custom,delta_test,native R,Advanced,Generic R scaffold,Panel,Poolability | Serial correlation | Heteroskedasticity | Cross-sectional dependence
panel-threshold,Panel Threshold Regression,R workflow for panel threshold regression,Panel data,panel,PanelThreshold,ptm,native R,Advanced,Generic R scaffold,Panel,Poolability | Serial correlation | Heteroskedasticity | Cross-sectional dependence
pstr,Panel Smooth-Transition Regression,R workflow for panel smooth-transition regression,Panel data,panel,PSTR,NewPSTR,native R,Advanced,Generic R scaffold,Panel,Poolability | Serial correlation | Heteroskedasticity | Cross-sectional dependence
panel-quantile,Panel Quantile Regression,R workflow for panel quantile regression,Panel data,panel,rqpd,rqpd,native R,Advanced,Generic R scaffold,Panel,Poolability | Serial correlation | Heteroskedasticity | Cross-sectional dependence
spatial-panel,Spatial Panel Regression,R workflow for spatial panel regression,Panel data,panel,splm,spml,native R,Advanced,Generic R scaffold,Panel,Poolability | Serial correlation | Heteroskedasticity | Cross-sectional dependence
panel-causality,Dumitrescu–Hurlin Panel Causality,R workflow for dumitrescu–hurlin panel causality,Panel data,panel,plm,pgrangertest,native R,Advanced,Generic R scaffold,Panel,Poolability | Serial correlation | Heteroskedasticity | Cross-sectional dependence
panel-cointegration,Panel Cointegration Model,R workflow for panel cointegration model,Panel data,panel,pco,pedroni99,native R,Advanced,Generic R scaffold,Panel,Poolability | Serial correlation | Heteroskedasticity | Cross-sectional dependence
interactive-fe,Interactive Fixed Effects,R workflow for interactive fixed effects,Panel data,panel,phtt,Eup,native R,Advanced,Generic R scaffold,Panel,Poolability | Serial correlation | Heteroskedasticity | Cross-sectional dependence
matrix-completion,Matrix Completion Panel Estimator,R workflow for matrix completion panel estimator,Panel data,panel,gsynth,gsynth,native R,Advanced,Generic R scaffold,Panel,Poolability | Serial correlation | Heteroskedasticity | Cross-sectional dependence
common-correlated-random,Common Correlated Random Effects,R workflow for common correlated random effects,Panel data,panel,plm,pcce,native R,Advanced,Generic R scaffold,Panel,Poolability | Serial correlation | Heteroskedasticity | Cross-sectional dependence
panel-probit,Panel Probit,R workflow for panel probit,Panel data,panel,pglm,pglm,native R,Advanced,Generic R scaffold,Panel,Poolability | Serial correlation | Heteroskedasticity | Cross-sectional dependence
panel-logit,Panel Logit,R workflow for panel logit,Panel data,panel,pglm,pglm,native R,Advanced,Generic R scaffold,Panel,Poolability | Serial correlation | Heteroskedasticity | Cross-sectional dependence
panel-tobit,Panel Tobit,R workflow for panel tobit,Panel data,panel,pglm,pglm,native R,Advanced,Generic R scaffold,Panel,Poolability | Serial correlation | Heteroskedasticity | Cross-sectional dependence
panel-count,Panel Count Model,R workflow for panel count model,Panel data,panel,pglm,pglm,native R,Advanced,Generic R scaffold,Panel,Poolability | Serial correlation | Heteroskedasticity | Cross-sectional dependence
iv,Instrumental Variables,R workflow for instrumental variables,Endogeneity and GMM,iv_gmm,ivreg,ivreg,native R,Advanced,Method-aware adapter,Cross-section | Panel | Time series,Instrument relevance | Weak instruments | Overidentification | Endogeneity
2sls,Two-Stage Least Squares,R workflow for two-stage least squares,Endogeneity and GMM,iv_gmm,ivreg,ivreg,native R,Advanced,Method-aware adapter,Cross-section | Panel | Time series,Instrument relevance | Weak instruments | Overidentification | Endogeneity
liml,Limited-Information Maximum Likelihood,R workflow for limited-information maximum likelihood,Endogeneity and GMM,iv_gmm,ivmodel,ivmodel,native R,Advanced,Method-aware adapter,Cross-section | Panel | Time series,Instrument relevance | Weak instruments | Overidentification | Endogeneity
fuller,Fuller Modified LIML,R workflow for fuller modified liml,Endogeneity and GMM,iv_gmm,ivmodel,ivmodel,native R,Advanced,Generic R scaffold,Cross-section | Panel | Time series,Instrument relevance | Weak instruments | Overidentification | Endogeneity
gmm,Generalised Method of Moments,R workflow for generalised method of moments,Endogeneity and GMM,iv_gmm,gmm,gmm,native R,Advanced,Method-aware adapter,Cross-section | Panel | Time series,Instrument relevance | Weak instruments | Overidentification | Endogeneity
cue-gmm,Continuously Updated GMM,R workflow for continuously updated gmm,Endogeneity and GMM,iv_gmm,gmm,gmm,native R,Advanced,Method-aware adapter,Cross-section | Panel | Time series,Instrument relevance | Weak instruments | Overidentification | Endogeneity
control-function,Control-Function Estimation,R workflow for control-function estimation,Endogeneity and GMM,iv_gmm,stats,lm,native R,Advanced,Generic R scaffold,Cross-section | Panel | Time series,Instrument relevance | Weak instruments | Overidentification | Endogeneity
weak-instrument-f,Weak-Instrument First-Stage F Test,R workflow for weak-instrument first-stage f test,Endogeneity and GMM,iv_gmm,ivreg,summary,native R,Advanced,Method-aware adapter,Cross-section | Panel | Time series,Instrument relevance | Weak instruments | Overidentification | Endogeneity
kleibergen-paap,Kleibergen–Paap Test,R workflow for kleibergen–paap test,Endogeneity and GMM,iv_gmm,ivreg,summary,native R,Advanced,Generic R scaffold,Cross-section | Panel | Time series,Instrument relevance | Weak instruments | Overidentification | Endogeneity
cragg-donald,Cragg–Donald Statistic,R workflow for cragg–donald statistic,Endogeneity and GMM,iv_gmm,ivreg,summary,native R,Advanced,Generic R scaffold,Cross-section | Panel | Time series,Instrument relevance | Weak instruments | Overidentification | Endogeneity
sargan,Sargan Overidentification Test,R workflow for sargan overidentification test,Endogeneity and GMM,iv_gmm,ivreg,summary,native R,Advanced,Method-aware adapter,Cross-section | Panel | Time series,Instrument relevance | Weak instruments | Overidentification | Endogeneity
hansen-j,Hansen J Test,R workflow for hansen j test,Endogeneity and GMM,iv_gmm,gmm,specTest,native R,Advanced,Generic R scaffold,Cross-section | Panel | Time series,Instrument relevance | Weak instruments | Overidentification | Endogeneity
durbin-wu-hausman,Durbin–Wu–Hausman Endogeneity Test,R workflow for durbin–wu–hausman endogeneity test,Endogeneity and GMM,iv_gmm,ivreg,summary,native R,Advanced,Method-aware adapter,Cross-section | Panel | Time series,Instrument relevance | Weak instruments | Overidentification | Endogeneity
anderson-rubin,Anderson–Rubin Inference,R workflow for anderson–rubin inference,Endogeneity and GMM,iv_gmm,ivmodel,AR.test,native R,Advanced,Method-aware adapter,Cross-section | Panel | Time series,Instrument relevance | Weak instruments | Overidentification | Endogeneity
conditional-lr,Conditional Likelihood-Ratio Inference,R workflow for conditional likelihood-ratio inference,Endogeneity and GMM,iv_gmm,ivmodel,CLR,native R,Advanced,Generic R scaffold,Cross-section | Panel | Time series,Instrument relevance | Weak instruments | Overidentification | Endogeneity
many-instrument,Many-Instrument Robust Estimation,R workflow for many-instrument robust estimation,Endogeneity and GMM,iv_gmm,ivmodel,ivmodel,native R,Advanced,Generic R scaffold,Cross-section | Panel | Time series,Instrument relevance | Weak instruments | Overidentification | Endogeneity
k-class,K-Class Estimator,R workflow for k-class estimator,Endogeneity and GMM,iv_gmm,ivreg,ivreg,native R,Advanced,Generic R scaffold,Cross-section | Panel | Time series,Instrument relevance | Weak instruments | Overidentification | Endogeneity
jive,Jackknife IV Estimator,R workflow for jackknife iv estimator,Endogeneity and GMM,iv_gmm,ivmodel,ivmodel,native R,Advanced,Generic R scaffold,Cross-section | Panel | Time series,Instrument relevance | Weak instruments | Overidentification | Endogeneity
logit,Binary Logit,Binary outcome model with logistic link,Limited dependent variables,limited,stats,glm,Offline + webR,Intermediate,Method-aware adapter,Cross-section | Panel,Outcome support | Goodness of fit | Marginal effects | Specification
probit,Binary Probit,Binary outcome model with normal link,Limited dependent variables,limited,stats,glm,Offline + webR,Intermediate,Method-aware adapter,Cross-section | Panel,Outcome support | Goodness of fit | Marginal effects | Specification
cloglog,Complementary Log-Log Model,R workflow for complementary log-log model,Limited dependent variables,limited,stats,glm,native R,Intermediate,Method-aware adapter,Cross-section | Panel,Outcome support | Goodness of fit | Marginal effects | Specification
multinomial-logit,Multinomial Logit,R workflow for multinomial logit,Limited dependent variables,limited,nnet,multinom,native R,Intermediate,Method-aware adapter,Cross-section | Panel,Outcome support | Goodness of fit | Marginal effects | Specification
multinomial-probit,Multinomial Probit,R workflow for multinomial probit,Limited dependent variables,limited,MNP,mnp,native R,Intermediate,Generic R scaffold,Cross-section | Panel,Outcome support | Goodness of fit | Marginal effects | Specification
conditional-logit,Conditional Logit,R workflow for conditional logit,Limited dependent variables,limited,survival,clogit,native R,Intermediate,Generic R scaffold,Cross-section | Panel,Outcome support | Goodness of fit | Marginal effects | Specification
mixed-logit,Mixed Logit,R workflow for mixed logit,Limited dependent variables,limited,mlogit,mlogit,native R,Intermediate,Generic R scaffold,Cross-section | Panel,Outcome support | Goodness of fit | Marginal effects | Specification
nested-logit,Nested Logit,R workflow for nested logit,Limited dependent variables,limited,mlogit,mlogit,native R,Intermediate,Generic R scaffold,Cross-section | Panel,Outcome support | Goodness of fit | Marginal effects | Specification
ordered-logit,Ordered Logit,R workflow for ordered logit,Limited dependent variables,limited,MASS,polr,native R,Intermediate,Method-aware adapter,Cross-section | Panel,Outcome support | Goodness of fit | Marginal effects | Specification
ordered-probit,Ordered Probit,R workflow for ordered probit,Limited dependent variables,limited,MASS,polr,native R,Intermediate,Method-aware adapter,Cross-section | Panel,Outcome support | Goodness of fit | Marginal effects | Specification
poisson,Poisson Regression,Count-data model with log link,Limited dependent variables,limited,stats,glm,Offline + webR,Intermediate,Method-aware adapter,Cross-section | Panel,Outcome support | Goodness of fit | Marginal effects | Specification
negbin,Negative Binomial Regression,R workflow for negative binomial regression,Limited dependent variables,limited,MASS,glm.nb,native R,Intermediate,Method-aware adapter,Cross-section | Panel,Outcome support | Goodness of fit | Marginal effects | Specification
zero-inflated-poisson,Zero-Inflated Poisson,R workflow for zero-inflated poisson,Limited dependent variables,limited,pscl,zeroinfl,native R,Intermediate,Method-aware adapter,Cross-section | Panel,Outcome support | Goodness of fit | Marginal effects | Specification
zero-inflated-negbin,Zero-Inflated Negative Binomial,R workflow for zero-inflated negative binomial,Limited dependent variables,limited,pscl,zeroinfl,native R,Intermediate,Method-aware adapter,Cross-section | Panel,Outcome support | Goodness of fit | Marginal effects | Specification
hurdle-poisson,Poisson Hurdle Model,R workflow for poisson hurdle model,Limited dependent variables,limited,pscl,hurdle,native R,Intermediate,Method-aware adapter,Cross-section | Panel,Outcome support | Goodness of fit | Marginal effects | Specification
hurdle-negbin,Negative-Binomial Hurdle Model,R workflow for negative-binomial hurdle model,Limited dependent variables,limited,pscl,hurdle,native R,Intermediate,Method-aware adapter,Cross-section | Panel,Outcome support | Goodness of fit | Marginal effects | Specification
tobit,Tobit Regression,R workflow for tobit regression,Limited dependent variables,limited,AER,tobit,native R,Intermediate,Method-aware adapter,Cross-section | Panel,Outcome support | Goodness of fit | Marginal effects | Specification
censored-regression,Censored Regression,R workflow for censored regression,Limited dependent variables,limited,censReg,censReg,native R,Intermediate,Method-aware adapter,Cross-section | Panel,Outcome support | Goodness of fit | Marginal effects | Specification
truncated-regression,Truncated Regression,R workflow for truncated regression,Limited dependent variables,limited,truncreg,truncreg,native R,Intermediate,Method-aware adapter,Cross-section | Panel,Outcome support | Goodness of fit | Marginal effects | Specification
fractional-logit,Fractional Logit,R workflow for fractional logit,Limited dependent variables,limited,frm,frm,native R,Intermediate,Method-aware adapter,Cross-section | Panel,Outcome support | Goodness of fit | Marginal effects | Specification
beta-regression,Beta Regression,R workflow for beta regression,Limited dependent variables,limited,betareg,betareg,native R,Intermediate,Method-aware adapter,Cross-section | Panel,Outcome support | Goodness of fit | Marginal effects | Specification
heckman,Heckman Sample-Selection Model,R workflow for heckman sample-selection model,Limited dependent variables,limited,sampleSelection,selection,native R,Intermediate,Method-aware adapter,Cross-section | Panel,Outcome support | Goodness of fit | Marginal effects | Specification
treatment-effects,Endogenous Treatment-Effects Model,R workflow for endogenous treatment-effects model,Limited dependent variables,limited,sampleSelection,treatReg,native R,Intermediate,Generic R scaffold,Cross-section | Panel,Outcome support | Goodness of fit | Marginal effects | Specification
endogenous-switching,Endogenous Switching Regression,R workflow for endogenous switching regression,Limited dependent variables,limited,sampleSelection,selection,native R,Intermediate,Generic R scaffold,Cross-section | Panel,Outcome support | Goodness of fit | Marginal effects | Specification
bivariate-probit,Bivariate Probit,R workflow for bivariate probit,Limited dependent variables,limited,GJRM,gjrm,native R,Intermediate,Generic R scaffold,Cross-section | Panel,Outcome support | Goodness of fit | Marginal effects | Specification
interval-regression,Interval Regression,R workflow for interval regression,Limited dependent variables,limited,survival,survreg,native R,Intermediate,Generic R scaffold,Cross-section | Panel,Outcome support | Goodness of fit | Marginal effects | Specification
quantile-count,Quantile Count Regression,R workflow for quantile count regression,Limited dependent variables,limited,Qtools,qpoisreg,native R,Intermediate,Generic R scaffold,Cross-section | Panel,Outcome support | Goodness of fit | Marginal effects | Specification
rare-events-logit,Rare-Events Logit,R workflow for rare-events logit,Limited dependent variables,limited,Zelig,zelig,native R,Intermediate,Generic R scaffold,Cross-section | Panel,Outcome support | Goodness of fit | Marginal effects | Specification
randomized-experiment,Randomised Experiment Analysis,R workflow for randomised experiment analysis,Causal inference,causal,estimatr,lm_robust,native R,Advanced,Generic R scaffold,Cross-section | Panel | Time series,Identification assumptions | Balance or pre-trends | Sensitivity | Placebos
matching,Covariate Matching,R workflow for covariate matching,Causal inference,causal,MatchIt,matchit,native R,Advanced,Method-aware adapter,Cross-section | Panel | Time series,Identification assumptions | Balance or pre-trends | Sensitivity | Placebos
psm,Propensity-Score Matching,R workflow for propensity-score matching,Causal inference,causal,MatchIt,matchit,native R,Advanced,Method-aware adapter,Cross-section | Panel | Time series,Identification assumptions | Balance or pre-trends | Sensitivity | Placebos
nearest-neighbor-matching,Nearest-Neighbour Matching,R workflow for nearest-neighbour matching,Causal inference,causal,Matching,Match,native R,Advanced,Method-aware adapter,Cross-section | Panel | Time series,Identification assumptions | Balance or pre-trends | Sensitivity | Placebos
coarsened-exact,Coarsened Exact Matching,R workflow for coarsened exact matching,Causal inference,causal,cem,cem,native R,Advanced,Method-aware adapter,Cross-section | Panel | Time series,Identification assumptions | Balance or pre-trends | Sensitivity | Placebos
entropy-balancing,Entropy Balancing,R workflow for entropy balancing,Causal inference,causal,ebal,ebalance,native R,Advanced,Method-aware adapter,Cross-section | Panel | Time series,Identification assumptions | Balance or pre-trends | Sensitivity | Placebos
ipw,Inverse-Probability Weighting,R workflow for inverse-probability weighting,Causal inference,causal,WeightIt,weightit,native R,Advanced,Generic R scaffold,Cross-section | Panel | Time series,Identification assumptions | Balance or pre-trends | Sensitivity | Placebos
regression-adjustment,Regression Adjustment,R workflow for regression adjustment,Causal inference,causal,estimatr,lm_robust,native R,Advanced,Generic R scaffold,Cross-section | Panel | Time series,Identification assumptions | Balance or pre-trends | Sensitivity | Placebos
doubly-robust,Doubly Robust Estimation,R workflow for doubly robust estimation,Causal inference,causal,DRDID,drdid,native R,Advanced,Generic R scaffold,Cross-section | Panel | Time series,Identification assumptions | Balance or pre-trends | Sensitivity | Placebos
aipw,Augmented IPW,R workflow for augmented ipw,Causal inference,causal,AIPW,AIPW,native R,Advanced,Generic R scaffold,Cross-section | Panel | Time series,Identification assumptions | Balance or pre-trends | Sensitivity | Placebos
did,Difference-in-Differences,R workflow for difference-in-differences,Causal inference,causal,fixest,feols,native R,Advanced,Method-aware adapter,Cross-section | Panel | Time series,Identification assumptions | Balance or pre-trends | Sensitivity | Placebos
staggered-did,Staggered-Adoption DiD,R workflow for staggered-adoption did,Causal inference,causal,did,att_gt,native R,Advanced,Method-aware adapter,Cross-section | Panel | Time series,Identification assumptions | Balance or pre-trends | Sensitivity | Placebos
event-study-did,Dynamic Event-Study DiD,R workflow for dynamic event-study did,Causal inference,causal,did,aggte,native R,Advanced,Method-aware adapter,Cross-section | Panel | Time series,Identification assumptions | Balance or pre-trends | Sensitivity | Placebos
sun-abraham,Sun–Abraham Event Study,R workflow for sun–abraham event study,Causal inference,causal,fixest,sunab,native R,Advanced,Method-aware adapter,Cross-section | Panel | Time series,Identification assumptions | Balance or pre-trends | Sensitivity | Placebos
synthetic,Synthetic Control,R workflow for synthetic control,Causal inference,causal,Synth,synth,native R,Advanced,Method-aware adapter,Cross-section | Panel | Time series,Identification assumptions | Balance or pre-trends | Sensitivity | Placebos
generalized-synthetic,Generalised Synthetic Control,R workflow for generalised synthetic control,Causal inference,causal,gsynth,gsynth,native R,Advanced,Generic R scaffold,Cross-section | Panel | Time series,Identification assumptions | Balance or pre-trends | Sensitivity | Placebos
synthetic-did,Synthetic Difference-in-Differences,R workflow for synthetic difference-in-differences,Causal inference,causal,synthdid,synthdid_estimate,native R,Advanced,Generic R scaffold,Cross-section | Panel | Time series,Identification assumptions | Balance or pre-trends | Sensitivity | Placebos
rdd,Sharp Regression Discontinuity,R workflow for sharp regression discontinuity,Causal inference,causal,rdrobust,rdrobust,native R,Advanced,Method-aware adapter,Cross-section | Panel | Time series,Identification assumptions | Balance or pre-trends | Sensitivity | Placebos
fuzzy-rdd,Fuzzy Regression Discontinuity,R workflow for fuzzy regression discontinuity,Causal inference,causal,rdrobust,rdrobust,native R,Advanced,Method-aware adapter,Cross-section | Panel | Time series,Identification assumptions | Balance or pre-trends | Sensitivity | Placebos
regression-kink,Regression Kink Design,R workflow for regression kink design,Causal inference,causal,rdrobust,rdrobust,native R,Advanced,Generic R scaffold,Cross-section | Panel | Time series,Identification assumptions | Balance or pre-trends | Sensitivity | Placebos
iv-causal,Instrumental-Variables Causal Effect,R workflow for instrumental-variables causal effect,Causal inference,causal,ivreg,ivreg,native R,Advanced,Generic R scaffold,Cross-section | Panel | Time series,Identification assumptions | Balance or pre-trends | Sensitivity | Placebos
interrupted-time-series,Interrupted Time Series,R workflow for interrupted time series,Causal inference,causal,CausalImpact,CausalImpact,native R,Advanced,Generic R scaffold,Cross-section | Panel | Time series,Identification assumptions | Balance or pre-trends | Sensitivity | Placebos
causal-impact,Bayesian Structural Causal Impact,R workflow for bayesian structural causal impact,Causal inference,causal,CausalImpact,CausalImpact,native R,Advanced,Method-aware adapter,Cross-section | Panel | Time series,Identification assumptions | Balance or pre-trends | Sensitivity | Placebos
causal-forest,Causal Forest,R workflow for causal forest,Causal inference,causal,grf,causal_forest,native R,Advanced,Method-aware adapter,Cross-section | Panel | Time series,Identification assumptions | Balance or pre-trends | Sensitivity | Placebos
double-ml,Double Machine Learning,R workflow for double machine learning,Causal inference,causal,DoubleML,DoubleMLPLR,native R,Advanced,Generic R scaffold,Cross-section | Panel | Time series,Identification assumptions | Balance or pre-trends | Sensitivity | Placebos
tmle,Targeted Maximum-Likelihood Estimation,R workflow for targeted maximum-likelihood estimation,Causal inference,causal,tmle,tmle,native R,Advanced,Generic R scaffold,Cross-section | Panel | Time series,Identification assumptions | Balance or pre-trends | Sensitivity | Placebos
mediation,Causal Mediation Analysis,R workflow for causal mediation analysis,Causal inference,causal,mediation,mediate,native R,Advanced,Generic R scaffold,Cross-section | Panel | Time series,Identification assumptions | Balance or pre-trends | Sensitivity | Placebos
sensitivity,Causal Sensitivity Analysis,R workflow for causal sensitivity analysis,Causal inference,causal,sensemakr,sensemakr,native R,Advanced,Generic R scaffold,Cross-section | Panel | Time series,Identification assumptions | Balance or pre-trends | Sensitivity | Placebos
treatment-heterogeneity,Treatment-Effect Heterogeneity,R workflow for treatment-effect heterogeneity,Causal inference,causal,grf,causal_forest,native R,Advanced,Generic R scaffold,Cross-section | Panel | Time series,Identification assumptions | Balance or pre-trends | Sensitivity | Placebos
causal-discovery,Causal Discovery,R workflow for causal discovery,Causal inference,causal,pcalg,pc,native R,Advanced,Generic R scaffold,Cross-section | Panel | Time series,Identification assumptions | Balance or pre-trends | Sensitivity | Placebos
negative-control,Negative-Control Analysis,R workflow for negative-control analysis,Causal inference,causal,controlOutcome,controlOutcome,native R,Advanced,Generic R scaffold,Cross-section | Panel | Time series,Identification assumptions | Balance or pre-trends | Sensitivity | Placebos
placebo-test,Placebo / Falsification Test,R workflow for placebo / falsification test,Causal inference,causal,custom,placebo_test,native R,Advanced,Generic R scaffold,Cross-section | Panel | Time series,Identification assumptions | Balance or pre-trends | Sensitivity | Placebos
bounds-rosenbaum,Rosenbaum Sensitivity Bounds,R workflow for rosenbaum sensitivity bounds,Causal inference,causal,rbounds,psens,native R,Advanced,Generic R scaffold,Cross-section | Panel | Time series,Identification assumptions | Balance or pre-trends | Sensitivity | Placebos
front-door,Front-Door Adjustment,R workflow for front-door adjustment,Causal inference,causal,dagitty,adjustmentSets,native R,Advanced,Generic R scaffold,Cross-section | Panel | Time series,Identification assumptions | Balance or pre-trends | Sensitivity | Placebos
g-computation,G-Computation,R workflow for g-computation,Causal inference,causal,gfoRmula,gformula,native R,Advanced,Generic R scaffold,Cross-section | Panel | Time series,Identification assumptions | Balance or pre-trends | Sensitivity | Placebos
marginal-structural,Marginal Structural Model,R workflow for marginal structural model,Causal inference,causal,ipw,ipwpoint,native R,Advanced,Generic R scaffold,Cross-section | Panel | Time series,Identification assumptions | Balance or pre-trends | Sensitivity | Placebos
spatial-weights,Spatial-Weights Construction,R workflow for spatial-weights construction,Spatial econometrics,spatial,spdep,nb2listw,native R,Advanced,Method-aware adapter,Spatial cross-section | Spatial panel,Spatial weights | Residual spatial dependence | Direct and indirect impacts
moran-i,Global Moran’s I,R workflow for global moran’s i,Spatial econometrics,spatial,spdep,moran.test,native R,Advanced,Method-aware adapter,Spatial cross-section | Spatial panel,Spatial weights | Residual spatial dependence | Direct and indirect impacts
geary-c,Geary’s C,R workflow for geary’s c,Spatial econometrics,spatial,spdep,geary.test,native R,Advanced,Method-aware adapter,Spatial cross-section | Spatial panel,Spatial weights | Residual spatial dependence | Direct and indirect impacts
lisa,Local Indicators of Spatial Association,R workflow for local indicators of spatial association,Spatial econometrics,spatial,spdep,localmoran,native R,Advanced,Method-aware adapter,Spatial cross-section | Spatial panel,Spatial weights | Residual spatial dependence | Direct and indirect impacts
spatial-lag,Spatial Lag Model,R workflow for spatial lag model,Spatial econometrics,spatial,spatialreg,lagsarlm,native R,Advanced,Method-aware adapter,Spatial cross-section | Spatial panel,Spatial weights | Residual spatial dependence | Direct and indirect impacts
spatial-error,Spatial Error Model,R workflow for spatial error model,Spatial econometrics,spatial,spatialreg,errorsarlm,native R,Advanced,Method-aware adapter,Spatial cross-section | Spatial panel,Spatial weights | Residual spatial dependence | Direct and indirect impacts
spatial-durbin,Spatial Durbin Model,R workflow for spatial durbin model,Spatial econometrics,spatial,spatialreg,lagsarlm,native R,Advanced,Method-aware adapter,Spatial cross-section | Spatial panel,Spatial weights | Residual spatial dependence | Direct and indirect impacts
sac,Spatial Autoregressive Combined Model,R workflow for spatial autoregressive combined model,Spatial econometrics,spatial,spatialreg,sacsarlm,native R,Advanced,Method-aware adapter,Spatial cross-section | Spatial panel,Spatial weights | Residual spatial dependence | Direct and indirect impacts
spatial-durbin-error,Spatial Durbin Error Model,R workflow for spatial durbin error model,Spatial econometrics,spatial,spatialreg,errorsarlm,native R,Advanced,Generic R scaffold,Spatial cross-section | Spatial panel,Spatial weights | Residual spatial dependence | Direct and indirect impacts
spatial-panel-fe,Spatial Panel Fixed Effects,R workflow for spatial panel fixed effects,Spatial econometrics,spatial,splm,spml,native R,Advanced,Generic R scaffold,Spatial cross-section | Spatial panel,Spatial weights | Residual spatial dependence | Direct and indirect impacts
spatial-panel-re,Spatial Panel Random Effects,R workflow for spatial panel random effects,Spatial econometrics,spatial,splm,spml,native R,Advanced,Generic R scaffold,Spatial cross-section | Spatial panel,Spatial weights | Residual spatial dependence | Direct and indirect impacts
spatial-probit,Spatial Probit,R workflow for spatial probit,Spatial econometrics,spatial,spatialprobit,spatialprobit,native R,Advanced,Generic R scaffold,Spatial cross-section | Spatial panel,Spatial weights | Residual spatial dependence | Direct and indirect impacts
spatial-logit,Spatial Logit,R workflow for spatial logit,Spatial econometrics,spatial,McSpatial,splogit,native R,Advanced,Generic R scaffold,Spatial cross-section | Spatial panel,Spatial weights | Residual spatial dependence | Direct and indirect impacts
spatial-gmm,Spatial GMM,R workflow for spatial gmm,Spatial econometrics,spatial,sphet,spreg,native R,Advanced,Generic R scaffold,Spatial cross-section | Spatial panel,Spatial weights | Residual spatial dependence | Direct and indirect impacts
gwr,Geographically Weighted Regression,R workflow for geographically weighted regression,Spatial econometrics,spatial,GWmodel,gwr.basic,native R,Advanced,Generic R scaffold,Spatial cross-section | Spatial panel,Spatial weights | Residual spatial dependence | Direct and indirect impacts
spatial-convergence,Spatial Convergence Regression,R workflow for spatial convergence regression,Spatial econometrics,spatial,spatialreg,lagsarlm,native R,Advanced,Generic R scaffold,Spatial cross-section | Spatial panel,Spatial weights | Residual spatial dependence | Direct and indirect impacts
spatial-impacts,Direct and Indirect Spatial Impacts,R workflow for direct and indirect spatial impacts,Spatial econometrics,spatial,spatialreg,impacts,native R,Advanced,Generic R scaffold,Spatial cross-section | Spatial panel,Spatial weights | Residual spatial dependence | Direct and indirect impacts
dynamic-spatial-panel,Dynamic Spatial Panel,R workflow for dynamic spatial panel,Spatial econometrics,spatial,SDPDmod,SDPDm,native R,Advanced,Generic R scaffold,Spatial cross-section | Spatial panel,Spatial weights | Residual spatial dependence | Direct and indirect impacts
spatial-quantile,Spatial Quantile Regression,R workflow for spatial quantile regression,Spatial econometrics,spatial,spqreg,spqreg,native R,Advanced,Generic R scaffold,Spatial cross-section | Spatial panel,Spatial weights | Residual spatial dependence | Direct and indirect impacts
bayesian-spatial,Bayesian Spatial Regression,R workflow for bayesian spatial regression,Spatial econometrics,spatial,CARBayes,S.CARleroux,native R,Advanced,Generic R scaffold,Spatial cross-section | Spatial panel,Spatial weights | Residual spatial dependence | Direct and indirect impacts
dea,Data Envelopment Analysis,R workflow for data envelopment analysis,Efficiency and productivity,efficiency,Benchmarking,dea,native R,Advanced,Method-aware adapter,Cross-section | Panel,Returns to scale | Orientation | Distribution assumptions | Outlier sensitivity
bootstrap-dea,Bootstrap DEA,R workflow for bootstrap dea,Efficiency and productivity,efficiency,rDEA,dea.boot,native R,Advanced,Method-aware adapter,Cross-section | Panel,Returns to scale | Orientation | Distribution assumptions | Outlier sensitivity
network-dea,Network DEA,R workflow for network dea,Efficiency and productivity,efficiency,deaR,model_network,native R,Advanced,Generic R scaffold,Cross-section | Panel,Returns to scale | Orientation | Distribution assumptions | Outlier sensitivity
dynamic-dea,Dynamic DEA,R workflow for dynamic dea,Efficiency and productivity,efficiency,deaR,model_dynamic,native R,Advanced,Generic R scaffold,Cross-section | Panel,Returns to scale | Orientation | Distribution assumptions | Outlier sensitivity
malmquist,Malmquist Productivity Index,R workflow for malmquist productivity index,Efficiency and productivity,efficiency,Benchmarking,malmquist,native R,Advanced,Method-aware adapter,Cross-section | Panel,Returns to scale | Orientation | Distribution assumptions | Outlier sensitivity
sfa,Stochastic Frontier Analysis,R workflow for stochastic frontier analysis,Efficiency and productivity,efficiency,frontier,sfa,native R,Advanced,Method-aware adapter,Cross-section | Panel,Returns to scale | Orientation | Distribution assumptions | Outlier sensitivity
cost-frontier,Stochastic Cost Frontier,R workflow for stochastic cost frontier,Efficiency and productivity,efficiency,frontier,sfa,native R,Advanced,Method-aware adapter,Cross-section | Panel,Returns to scale | Orientation | Distribution assumptions | Outlier sensitivity
profit-frontier,Stochastic Profit Frontier,R workflow for stochastic profit frontier,Efficiency and productivity,efficiency,frontier,sfa,native R,Advanced,Method-aware adapter,Cross-section | Panel,Returns to scale | Orientation | Distribution assumptions | Outlier sensitivity
distance-function,Distance-Function Frontier,R workflow for distance-function frontier,Efficiency and productivity,efficiency,frontier,sfa,native R,Advanced,Generic R scaffold,Cross-section | Panel,Returns to scale | Orientation | Distribution assumptions | Outlier sensitivity
metafrontier,Metafrontier Analysis,R workflow for metafrontier analysis,Efficiency and productivity,efficiency,metafrontier,metafrontier,native R,Advanced,Generic R scaffold,Cross-section | Panel,Returns to scale | Orientation | Distribution assumptions | Outlier sensitivity
true-fe-frontier,True Fixed-Effects Frontier,R workflow for true fixed-effects frontier,Efficiency and productivity,efficiency,sfpanel,sfmodel,native R,Advanced,Generic R scaffold,Cross-section | Panel,Returns to scale | Orientation | Distribution assumptions | Outlier sensitivity
latent-class-frontier,Latent-Class Frontier,R workflow for latent-class frontier,Efficiency and productivity,efficiency,frontier,sfa,native R,Advanced,Generic R scaffold,Cross-section | Panel,Returns to scale | Orientation | Distribution assumptions | Outlier sensitivity
order-m,Order-m Efficiency,R workflow for order-m efficiency,Efficiency and productivity,efficiency,FEAR,dea,native R,Advanced,Generic R scaffold,Cross-section | Panel,Returns to scale | Orientation | Distribution assumptions | Outlier sensitivity
free-disposal-hull,Free Disposal Hull,R workflow for free disposal hull,Efficiency and productivity,efficiency,Benchmarking,dea,native R,Advanced,Generic R scaffold,Cross-section | Panel,Returns to scale | Orientation | Distribution assumptions | Outlier sensitivity
bayes-lm,Bayesian Linear Regression,R workflow for bayesian linear regression,Bayesian econometrics,bayesian,rstanarm,stan_glm,native R,Advanced,Method-aware adapter,Cross-section | Time series | Panel,Convergence | Effective sample size | Posterior predictive checks | Prior sensitivity
bayes-glm,Bayesian Generalised Linear Model,R workflow for bayesian generalised linear model,Bayesian econometrics,bayesian,rstanarm,stan_glm,native R,Advanced,Method-aware adapter,Cross-section | Time series | Panel,Convergence | Effective sample size | Posterior predictive checks | Prior sensitivity
bayes-model-averaging,Bayesian Model Averaging,R workflow for bayesian model averaging,Bayesian econometrics,bayesian,BMS,bms,native R,Advanced,Method-aware adapter,Cross-section | Time series | Panel,Convergence | Effective sample size | Posterior predictive checks | Prior sensitivity
bayes-panel,Bayesian Panel Model,R workflow for bayesian panel model,Bayesian econometrics,bayesian,brms,brm,native R,Advanced,Generic R scaffold,Cross-section | Time series | Panel,Convergence | Effective sample size | Posterior predictive checks | Prior sensitivity
bsts,Bayesian Structural Time Series,R workflow for bayesian structural time series,Bayesian econometrics,bayesian,bsts,bsts,native R,Advanced,Generic R scaffold,Cross-section | Time series | Panel,Convergence | Effective sample size | Posterior predictive checks | Prior sensitivity
bayes-state-space,Bayesian State-Space Model,R workflow for bayesian state-space model,Bayesian econometrics,bayesian,nimble,nimbleModel,native R,Advanced,Generic R scaffold,Cross-section | Time series | Panel,Convergence | Effective sample size | Posterior predictive checks | Prior sensitivity
bayes-stochastic-vol,Bayesian Stochastic Volatility,R workflow for bayesian stochastic volatility,Bayesian econometrics,bayesian,stochvol,svsample,native R,Advanced,Generic R scaffold,Cross-section | Time series | Panel,Convergence | Effective sample size | Posterior predictive checks | Prior sensitivity
bayes-changepoint,Bayesian Change-Point Model,R workflow for bayesian change-point model,Bayesian econometrics,bayesian,bcp,bcp,native R,Advanced,Generic R scaffold,Cross-section | Time series | Panel,Convergence | Effective sample size | Posterior predictive checks | Prior sensitivity
hierarchical-bayes,Hierarchical Bayesian Model,R workflow for hierarchical bayesian model,Bayesian econometrics,bayesian,brms,brm,native R,Advanced,Generic R scaffold,Cross-section | Time series | Panel,Convergence | Effective sample size | Posterior predictive checks | Prior sensitivity
mcmc,Markov-Chain Monte Carlo,R workflow for markov-chain monte carlo,Bayesian econometrics,bayesian,coda,mcmc,native R,Advanced,Generic R scaffold,Cross-section | Time series | Panel,Convergence | Effective sample size | Posterior predictive checks | Prior sensitivity
variational-bayes,Variational Bayesian Inference,R workflow for variational bayesian inference,Bayesian econometrics,bayesian,rstan,vb,native R,Advanced,Generic R scaffold,Cross-section | Time series | Panel,Convergence | Effective sample size | Posterior predictive checks | Prior sensitivity
posterior-predictive,Posterior Predictive Check,R workflow for posterior predictive check,Bayesian econometrics,bayesian,bayesplot,pp_check,native R,Advanced,Generic R scaffold,Cross-section | Time series | Panel,Convergence | Effective sample size | Posterior predictive checks | Prior sensitivity
bayes-factor,Bayes Factor,R workflow for bayes factor,Bayesian econometrics,bayesian,BayesFactor,generalTestBF,native R,Advanced,Generic R scaffold,Cross-section | Time series | Panel,Convergence | Effective sample size | Posterior predictive checks | Prior sensitivity
bayes-forecast,Bayesian Forecasting,R workflow for bayesian forecasting,Bayesian econometrics,bayesian,bsts,predict,native R,Advanced,Generic R scaffold,Cross-section | Time series | Panel,Convergence | Effective sample size | Posterior predictive checks | Prior sensitivity
bayesian-quantile,Bayesian Quantile Regression,R workflow for bayesian quantile regression,Bayesian econometrics,bayesian,bayesQR,bayesQR,native R,Advanced,Generic R scaffold,Cross-section | Time series | Panel,Convergence | Effective sample size | Posterior predictive checks | Prior sensitivity
bayesian-var,Bayesian VAR,R workflow for bayesian var,Bayesian econometrics,bayesian,BVAR,bvar,native R,Advanced,Generic R scaffold,Cross-section | Time series | Panel,Convergence | Effective sample size | Posterior predictive checks | Prior sensitivity
bayesian-sem,Bayesian SEM,R workflow for bayesian sem,Bayesian econometrics,bayesian,blavaan,bsem,native R,Advanced,Method-aware adapter,Cross-section | Time series | Panel,Convergence | Effective sample size | Posterior predictive checks | Prior sensitivity
kernel-regression,Kernel Regression,R workflow for kernel regression,Non-parametric and semiparametric,nonparametric,np,npreg,native R,Advanced,Method-aware adapter,Cross-section | Time series | Panel,Bandwidth or basis choice | Bootstrap inference | Specification sensitivity
local-polynomial,Local Polynomial Regression,R workflow for local polynomial regression,Non-parametric and semiparametric,nonparametric,np,npreg,native R,Advanced,Method-aware adapter,Cross-section | Time series | Panel,Bandwidth or basis choice | Bootstrap inference | Specification sensitivity
kernel-density,Kernel Density Estimation,R workflow for kernel density estimation,Non-parametric and semiparametric,nonparametric,stats,density,native R,Advanced,Method-aware adapter,Cross-section | Time series | Panel,Bandwidth or basis choice | Bootstrap inference | Specification sensitivity
single-index,Semiparametric Single-Index Model,R workflow for semiparametric single-index model,Non-parametric and semiparametric,nonparametric,np,npindex,native R,Advanced,Generic R scaffold,Cross-section | Time series | Panel,Bandwidth or basis choice | Bootstrap inference | Specification sensitivity
partially-linear,Partially Linear Model,R workflow for partially linear model,Non-parametric and semiparametric,nonparametric,np,npplreg,native R,Advanced,Generic R scaffold,Cross-section | Time series | Panel,Bandwidth or basis choice | Bootstrap inference | Specification sensitivity
additive-nonparametric,Non-parametric Additive Model,R workflow for non-parametric additive model,Non-parametric and semiparametric,nonparametric,mgcv,gam,native R,Advanced,Generic R scaffold,Cross-section | Time series | Panel,Bandwidth or basis choice | Bootstrap inference | Specification sensitivity
sieve-estimation,Sieve Estimation,R workflow for sieve estimation,Non-parametric and semiparametric,nonparametric,splines,bs,native R,Advanced,Generic R scaffold,Cross-section | Time series | Panel,Bandwidth or basis choice | Bootstrap inference | Specification sensitivity
nonparametric-quantile,Non-parametric Quantile Regression,R workflow for non-parametric quantile regression,Non-parametric and semiparametric,nonparametric,quantreg,lprq,native R,Advanced,Generic R scaffold,Cross-section | Time series | Panel,Bandwidth or basis choice | Bootstrap inference | Specification sensitivity
bootstrap,Bootstrap Inference,R workflow for bootstrap inference,Non-parametric and semiparametric,nonparametric,boot,boot,native R,Advanced,Method-aware adapter,Cross-section | Time series | Panel,Bandwidth or basis choice | Bootstrap inference | Specification sensitivity
wild-bootstrap,Wild Bootstrap,R workflow for wild bootstrap,Non-parametric and semiparametric,nonparametric,fwildclusterboot,boottest,native R,Advanced,Method-aware adapter,Cross-section | Time series | Panel,Bandwidth or basis choice | Bootstrap inference | Specification sensitivity
block-bootstrap,Block Bootstrap,R workflow for block bootstrap,Non-parametric and semiparametric,nonparametric,boot,tsboot,native R,Advanced,Method-aware adapter,Cross-section | Time series | Panel,Bandwidth or basis choice | Bootstrap inference | Specification sensitivity
permutation-test,Permutation Test,R workflow for permutation test,Non-parametric and semiparametric,nonparametric,coin,independence_test,native R,Advanced,Method-aware adapter,Cross-section | Time series | Panel,Bandwidth or basis choice | Bootstrap inference | Specification sensitivity
empirical-likelihood,Empirical Likelihood,R workflow for empirical likelihood,Non-parametric and semiparametric,nonparametric,emplik,el.test,native R,Advanced,Generic R scaffold,Cross-section | Time series | Panel,Bandwidth or basis choice | Bootstrap inference | Specification sensitivity
generalized-empirical-likelihood,Generalised Empirical Likelihood,R workflow for generalised empirical likelihood,Non-parametric and semiparametric,nonparametric,gmm,gel,native R,Advanced,Generic R scaffold,Cross-section | Time series | Panel,Bandwidth or basis choice | Bootstrap inference | Specification sensitivity
isotonic,Isotonic Regression,R workflow for isotonic regression,Non-parametric and semiparametric,nonparametric,stats,isoreg,native R,Advanced,Generic R scaffold,Cross-section | Time series | Panel,Bandwidth or basis choice | Bootstrap inference | Specification sensitivity
monotone-regression,Monotone Regression,R workflow for monotone regression,Non-parametric and semiparametric,nonparametric,scam,scam,native R,Advanced,Generic R scaffold,Cross-section | Time series | Panel,Bandwidth or basis choice | Bootstrap inference | Specification sensitivity
quantile-process,Quantile-Process Regression,R workflow for quantile-process regression,Non-parametric and semiparametric,nonparametric,quantreg,rq,native R,Advanced,Generic R scaffold,Cross-section | Time series | Panel,Bandwidth or basis choice | Bootstrap inference | Specification sensitivity
local-likelihood,Local Likelihood,R workflow for local likelihood,Non-parametric and semiparametric,nonparametric,locfit,locfit,native R,Advanced,Generic R scaffold,Cross-section | Time series | Panel,Bandwidth or basis choice | Bootstrap inference | Specification sensitivity
series-regression,Series Regression,R workflow for series regression,Non-parametric and semiparametric,nonparametric,splines,bs,native R,Advanced,Generic R scaffold,Cross-section | Time series | Panel,Bandwidth or basis choice | Bootstrap inference | Specification sensitivity
aids,Almost Ideal Demand System,R workflow for almost ideal demand system,Structural and specialised,structural,micEconAids,aidsEst,native R,Advanced,Generic R scaffold,Cross-section | Time series | Panel,Identification | Functional form | Distribution assumptions | Sensitivity
quaids,Quadratic Almost Ideal Demand System,R workflow for quadratic almost ideal demand system,Structural and specialised,structural,micEconAids,aidsEst,native R,Advanced,Generic R scaffold,Cross-section | Time series | Panel,Identification | Functional form | Distribution assumptions | Sensitivity
demand-system,Demand-System Estimation,R workflow for demand-system estimation,Structural and specialised,structural,systemfit,systemfit,native R,Advanced,Generic R scaffold,Cross-section | Time series | Panel,Identification | Functional form | Distribution assumptions | Sensitivity
cobb-douglas,Cobb–Douglas Production Function,R workflow for cobb–douglas production function,Structural and specialised,structural,stats,lm,native R,Advanced,Generic R scaffold,Cross-section | Time series | Panel,Identification | Functional form | Distribution assumptions | Sensitivity
translog,Translog Production Function,R workflow for translog production function,Structural and specialised,structural,stats,lm,native R,Advanced,Generic R scaffold,Cross-section | Time series | Panel,Identification | Functional form | Distribution assumptions | Sensitivity
gravity,Gravity Model,R workflow for gravity model,Structural and specialised,structural,gravity,gravity,native R,Advanced,Generic R scaffold,Cross-section | Time series | Panel,Identification | Functional form | Distribution assumptions | Sensitivity
ppml-gravity,PPML Gravity Model,R workflow for ppml gravity model,Structural and specialised,structural,fixest,fepois,native R,Advanced,Generic R scaffold,Cross-section | Time series | Panel,Identification | Functional form | Distribution assumptions | Sensitivity
input-output,Input–Output Analysis,R workflow for input–output analysis,Structural and specialised,structural,ioanalysis,leontief.inv,native R,Advanced,Generic R scaffold,Cross-section | Time series | Panel,Identification | Functional form | Distribution assumptions | Sensitivity
social-accounting-matrix,Social Accounting Matrix Analysis,R workflow for social accounting matrix analysis,Structural and specialised,structural,sam,sam,native R,Advanced,Generic R scaffold,Cross-section | Time series | Panel,Identification | Functional form | Distribution assumptions | Sensitivity
cge-preparation,CGE Calibration Preparation,R workflow for cge calibration preparation,Structural and specialised,structural,gRbase,fit,native R,Advanced,Generic R scaffold,Cross-section | Time series | Panel,Identification | Functional form | Distribution assumptions | Sensitivity
cox-survival,Cox Proportional-Hazards Model,R workflow for cox proportional-hazards model,Structural and specialised,structural,survival,coxph,native R,Advanced,Method-aware adapter,Cross-section | Time series | Panel,Identification | Functional form | Distribution assumptions | Sensitivity
parametric-survival,Parametric Survival Model,R workflow for parametric survival model,Structural and specialised,structural,survival,survreg,native R,Advanced,Method-aware adapter,Cross-section | Time series | Panel,Identification | Functional form | Distribution assumptions | Sensitivity
competing-risks,Competing-Risks Model,R workflow for competing-risks model,Structural and specialised,structural,cmprsk,crr,native R,Advanced,Generic R scaffold,Cross-section | Time series | Panel,Identification | Functional form | Distribution assumptions | Sensitivity
duration-model,Duration Model,R workflow for duration model,Structural and specialised,structural,survival,survreg,native R,Advanced,Method-aware adapter,Cross-section | Time series | Panel,Identification | Functional form | Distribution assumptions | Sensitivity
labour-transition,Labour-Market Transition Model,R workflow for labour-market transition model,Structural and specialised,structural,msm,msm,native R,Advanced,Generic R scaffold,Cross-section | Time series | Panel,Identification | Functional form | Distribution assumptions | Sensitivity
search-matching,Search-and-Matching Model,R workflow for search-and-matching model,Structural and specialised,structural,stats,nls,native R,Advanced,Generic R scaffold,Cross-section | Time series | Panel,Identification | Functional form | Distribution assumptions | Sensitivity
microsimulation,Microsimulation,R workflow for microsimulation,Structural and specialised,structural,simPop,simStructure,native R,Advanced,Generic R scaffold,Cross-section | Time series | Panel,Identification | Functional form | Distribution assumptions | Sensitivity
oaxaca,Oaxaca–Blinder Decomposition,R workflow for oaxaca–blinder decomposition,Structural and specialised,structural,oaxaca,oaxaca,native R,Advanced,Method-aware adapter,Cross-section | Time series | Panel,Identification | Functional form | Distribution assumptions | Sensitivity
shapley-decomposition,Shapley Decomposition,R workflow for shapley decomposition,Structural and specialised,structural,decomp,shapley,native R,Advanced,Generic R scaffold,Cross-section | Time series | Panel,Identification | Functional form | Distribution assumptions | Sensitivity
gini,Gini Coefficient,R workflow for gini coefficient,Structural and specialised,structural,ineq,Gini,native R,Advanced,Method-aware adapter,Cross-section | Time series | Panel,Identification | Functional form | Distribution assumptions | Sensitivity
lorenz,Lorenz Curve,R workflow for lorenz curve,Structural and specialised,structural,ineq,Lc,native R,Advanced,Method-aware adapter,Cross-section | Time series | Panel,Identification | Functional form | Distribution assumptions | Sensitivity
palma,Palma Ratio,R workflow for palma ratio,Structural and specialised,structural,convey,svypalma,native R,Advanced,Generic R scaffold,Cross-section | Time series | Panel,Identification | Functional form | Distribution assumptions | Sensitivity
poverty-fgt,Foster–Greer–Thorbecke Poverty Measures,R workflow for foster–greer–thorbecke poverty measures,Structural and specialised,structural,convey,svyfgt,native R,Advanced,Method-aware adapter,Cross-section | Time series | Panel,Identification | Functional form | Distribution assumptions | Sensitivity
tax-incidence,Tax-Incidence Analysis,R workflow for tax-incidence analysis,Structural and specialised,structural,survey,svyby,native R,Advanced,Generic R scaffold,Cross-section | Time series | Panel,Identification | Functional form | Distribution assumptions | Sensitivity
static-microsimulation,Static Tax-Benefit Microsimulation,R workflow for static tax-benefit microsimulation,Structural and specialised,structural,simPop,simStructure,native R,Advanced,Generic R scaffold,Cross-section | Time series | Panel,Identification | Functional form | Distribution assumptions | Sensitivity
sem,Structural Equation Modelling,R workflow for structural equation modelling,Structural and specialised,structural,lavaan,sem,native R,Advanced,Method-aware adapter,Cross-section | Time series | Panel,Identification | Functional form | Distribution assumptions | Sensitivity
cfa,Confirmatory Factor Analysis,R workflow for confirmatory factor analysis,Structural and specialised,structural,lavaan,cfa,native R,Advanced,Method-aware adapter,Cross-section | Time series | Panel,Identification | Functional form | Distribution assumptions | Sensitivity
latent-class,Latent-Class Model,R workflow for latent-class model,Structural and specialised,structural,poLCA,poLCA,native R,Advanced,Generic R scaffold,Cross-section | Time series | Panel,Identification | Functional form | Distribution assumptions | Sensitivity
latent-growth,Latent Growth-Curve Model,R workflow for latent growth-curve model,Structural and specialised,structural,lavaan,growth,native R,Advanced,Generic R scaffold,Cross-section | Time series | Panel,Identification | Functional form | Distribution assumptions | Sensitivity
multilevel-model,Multilevel Model,R workflow for multilevel model,Structural and specialised,structural,lme4,lmer,native R,Advanced,Generic R scaffold,Cross-section | Time series | Panel,Identification | Functional form | Distribution assumptions | Sensitivity
growth-curve,Growth-Curve Model,R workflow for growth-curve model,Structural and specialised,structural,nlme,lme,native R,Advanced,Generic R scaffold,Cross-section | Time series | Panel,Identification | Functional form | Distribution assumptions | Sensitivity
raking,Survey Raking,R workflow for survey raking,Structural and specialised,structural,survey,rake,native R,Advanced,Generic R scaffold,Cross-section | Time series | Panel,Identification | Functional form | Distribution assumptions | Sensitivity
small-area,Small-Area Estimation,R workflow for small-area estimation,Structural and specialised,structural,sae,eblupBHF,native R,Advanced,Generic R scaffold,Cross-section | Time series | Panel,Identification | Functional form | Distribution assumptions | Sensitivity
meta-analysis,Meta-Analysis,R workflow for meta-analysis,Structural and specialised,structural,metafor,rma,native R,Advanced,Generic R scaffold,Cross-section | Time series | Panel,Identification | Functional form | Distribution assumptions | Sensitivity
meta-regression,Meta-Regression,R workflow for meta-regression,Structural and specialised,structural,metafor,rma,native R,Advanced,Generic R scaffold,Cross-section | Time series | Panel,Identification | Functional form | Distribution assumptions | Sensitivity
conjoint,Conjoint Analysis,R workflow for conjoint analysis,Structural and specialised,structural,conjoint,Conjoint,native R,Advanced,Generic R scaffold,Cross-section | Time series | Panel,Identification | Functional form | Distribution assumptions | Sensitivity
choice-experiment,Discrete-Choice Experiment,R workflow for discrete-choice experiment,Structural and specialised,structural,support.CEs,clogit,native R,Advanced,Generic R scaffold,Cross-section | Time series | Panel,Identification | Functional form | Distribution assumptions | Sensitivity
network-econometrics,Network Econometrics,R workflow for network econometrics,Structural and specialised,structural,sna,netlm,native R,Advanced,Generic R scaffold,Cross-section | Time series | Panel,Identification | Functional form | Distribution assumptions | Sensitivity
social-interactions,Social-Interactions Model,R workflow for social-interactions model,Structural and specialised,structural,sna,netlm,native R,Advanced,Generic R scaffold,Cross-section | Time series | Panel,Identification | Functional form | Distribution assumptions | Sensitivity
random-forest,Random Forest,R workflow for random forest,Machine learning econometrics,machine_learning,ranger,ranger,native R,Advanced,Method-aware adapter,Cross-section | Time series | Panel,Cross-validation | Out-of-sample accuracy | Calibration | Interpretability
gradient-boosting,Gradient Boosting,R workflow for gradient boosting,Machine learning econometrics,machine_learning,xgboost,xgboost,native R,Advanced,Method-aware adapter,Cross-section | Time series | Panel,Cross-validation | Out-of-sample accuracy | Calibration | Interpretability
lightgbm,LightGBM,R workflow for lightgbm,Machine learning econometrics,machine_learning,lightgbm,lgb.train,native R,Advanced,Generic R scaffold,Cross-section | Time series | Panel,Cross-validation | Out-of-sample accuracy | Calibration | Interpretability
neural-network,Neural Network,R workflow for neural network,Machine learning econometrics,machine_learning,nnet,nnet,native R,Advanced,Generic R scaffold,Cross-section | Time series | Panel,Cross-validation | Out-of-sample accuracy | Calibration | Interpretability
deep-learning,Deep Neural Network,R workflow for deep neural network,Machine learning econometrics,machine_learning,keras,keras_model_sequential,native R,Advanced,Generic R scaffold,Cross-section | Time series | Panel,Cross-validation | Out-of-sample accuracy | Calibration | Interpretability
svm,Support-Vector Machine,R workflow for support-vector machine,Machine learning econometrics,machine_learning,e1071,svm,native R,Advanced,Method-aware adapter,Cross-section | Time series | Panel,Cross-validation | Out-of-sample accuracy | Calibration | Interpretability
knn,K-Nearest Neighbours,R workflow for k-nearest neighbours,Machine learning econometrics,machine_learning,class,knn,native R,Advanced,Method-aware adapter,Cross-section | Time series | Panel,Cross-validation | Out-of-sample accuracy | Calibration | Interpretability
super-learner,Super Learner,R workflow for super learner,Machine learning econometrics,machine_learning,SuperLearner,SuperLearner,native R,Advanced,Generic R scaffold,Cross-section | Time series | Panel,Cross-validation | Out-of-sample accuracy | Calibration | Interpretability
cross-validation,Cross-Validation,R workflow for cross-validation,Machine learning econometrics,machine_learning,rsample,vfold_cv,native R,Advanced,Generic R scaffold,Cross-section | Time series | Panel,Cross-validation | Out-of-sample accuracy | Calibration | Interpretability
time-series-cv,Time-Series Cross-Validation,R workflow for time-series cross-validation,Machine learning econometrics,machine_learning,forecast,tsCV,native R,Advanced,Generic R scaffold,Cross-section | Time series | Panel,Cross-validation | Out-of-sample accuracy | Calibration | Interpretability
hyperparameter-tuning,Hyperparameter Tuning,R workflow for hyperparameter tuning,Machine learning econometrics,machine_learning,tune,tune_grid,native R,Advanced,Generic R scaffold,Cross-section | Time series | Panel,Cross-validation | Out-of-sample accuracy | Calibration | Interpretability
shap,SHAP Interpretation,R workflow for shap interpretation,Machine learning econometrics,machine_learning,fastshap,explain,native R,Advanced,Generic R scaffold,Cross-section | Time series | Panel,Cross-validation | Out-of-sample accuracy | Calibration | Interpretability
partial-dependence,Partial-Dependence Analysis,R workflow for partial-dependence analysis,Machine learning econometrics,machine_learning,pdp,partial,native R,Advanced,Generic R scaffold,Cross-section | Time series | Panel,Cross-validation | Out-of-sample accuracy | Calibration | Interpretability
post-lasso,Post-Lasso OLS,R workflow for post-lasso ols,Machine learning econometrics,machine_learning,hdm,rlasso,native R,Advanced,Generic R scaffold,Cross-section | Time series | Panel,Cross-validation | Out-of-sample accuracy | Calibration | Interpretability
debiased-lasso,Debiased Lasso,R workflow for debiased lasso,Machine learning econometrics,machine_learning,hdi,lasso.proj,native R,Advanced,Generic R scaffold,Cross-section | Time series | Panel,Cross-validation | Out-of-sample accuracy | Calibration | Interpretability
bart,Bayesian Additive Regression Trees,R workflow for bayesian additive regression trees,Machine learning econometrics,machine_learning,dbarts,bart,native R,Advanced,Method-aware adapter,Cross-section | Time series | Panel,Cross-validation | Out-of-sample accuracy | Calibration | Interpretability
causal-bart,Causal BART,R workflow for causal bart,Machine learning econometrics,machine_learning,bartCause,bartc,native R,Advanced,Method-aware adapter,Cross-section | Time series | Panel,Cross-validation | Out-of-sample accuracy | Calibration | Interpretability
quantile-forest,Quantile Regression Forest,R workflow for quantile regression forest,Machine learning econometrics,machine_learning,quantregForest,quantregForest,native R,Advanced,Method-aware adapter,Cross-section | Time series | Panel,Cross-validation | Out-of-sample accuracy | Calibration | Interpretability
generalized-random-forest,Generalised Random Forest,R workflow for generalised random forest,Machine learning econometrics,machine_learning,grf,regression_forest,native R,Advanced,Method-aware adapter,Cross-section | Time series | Panel,Cross-validation | Out-of-sample accuracy | Calibration | Interpretability
model-stacking,Model Stacking,R workflow for model stacking,Machine learning econometrics,machine_learning,stacks,stacks,native R,Advanced,Generic R scaffold,Cross-section | Time series | Panel,Cross-validation | Out-of-sample accuracy | Calibration | Interpretability
automl,Automated Machine Learning,R workflow for automated machine learning,Machine learning econometrics,machine_learning,h2o,h2o.automl,native R,Advanced,Generic R scaffold,Cross-section | Time series | Panel,Cross-validation | Out-of-sample accuracy | Calibration | Interpretability
explainable-ml,Explainable Machine Learning,R workflow for explainable machine learning,Machine learning econometrics,machine_learning,DALEX,explain,native R,Advanced,Generic R scaffold,Cross-section | Time series | Panel,Cross-validation | Out-of-sample accuracy | Calibration | Interpretability
conformal-prediction,Conformal Prediction,R workflow for conformal prediction,Machine learning econometrics,machine_learning,conformalInference,conformal.pred,native R,Advanced,Generic R scaffold,Cross-section | Time series | Panel,Cross-validation | Out-of-sample accuracy | Calibration | Interpretability
custom-r,Custom R Package / Function,Run any installed R package function with editable code,Extensibility,custom,user-selected,user_function,native R,Expert,Method-aware adapter,Cross-section | Time series | Panel | Spatial,User-defined
custom-script,Full Custom R Script,Use the Code Studio for an unrestricted R workflow,Extensibility,custom,base,source,native R,Expert,Method-aware adapter,Cross-section | Time series | Panel | Spatial,User-defined
